meeting_date,agenda,doc_number,item_type,agency,county,vendor_raw,vendor_clean,vendor_display,description,amount_usd,amount_basis,term_start,term_end,action,discussion,references_doc,contract_id,multi_vendor,parent_item,action_note,source_pdf,source_page,drop_reason
2016-04-27,Department of Information Technology,6-IT-MOD,modification,PS,Statewide,Global Tel*Link (GTL),,,Information Technology Modification - RETROACTIVE - Inmate payphone services; reduce rates and eliminate fees. Term: 3/17/16- 12/31/17. Amount: See Item.,,,2016-03-17,2017-12-31,Approved,No,,Q00B6400058,0,,,2016-Apr-27-Summary.pdf,15,no dollar figure on the item
2016-04-06,Department of Information Technology,4-IT,award,DIT,Statewide,Various,,,"Information Technology - Award 37 indefinite quantity purchase order request for proposals-based master contracts; commercial off the shelf software, installation, training services and maintenance. Term: 3/23/16- 7/23/27. Amount: $71,000,000.",71000000.0,fixed,2016-03-23,2027-07-23,withdrawn,No,,060B2490021,0,,,2016-Apr-6-Summary.pdf,10,"Board action was 'withdrawn', not approved"
2016-04-06,Department of Information Technology,5-IT-MOD,modification,PS,Statewide,Global Tel*Link (GTL),,,"Information Technology Modification - RETROACTIVE - Reduce rates, modify fees mandated by FCC ruling 15-136; inmate payphone services. Term: 3/17/16- 12/31/17. Estimated Revenue Amount: $866.500.",866.0,revenue-to-state,2016-03-17,2017-12-31,withdrawn,No,,Q00B6400058,0,,,2016-Apr-6-Summary.pdf,10,"Board action was 'withdrawn', not approved"
2016-08-17,Department of Information Technology,9-IT-MOD,modification,DOT/MTA,Statewide,"Cubic Transportation Systems, Inc.",,,"Information Technology Contract Modification - Automatic Fare Collection System - Professional services to preform system upgrade and migration. Term: 8/18/16- 6/17/20. Amount: $4,881,244.",4881244.0,fixed,2016-08-18,2020-06-17,withdrawn,No,,COG87665,0,,,2016-Aug-17-Summary.pdf,29,"Board action was 'withdrawn', not approved"
2016-12-07,Department of Information Technology,6-IT-MOD,modification,DIT,Statewide,"Motorola, Inc.",,,Information Technology Modification - Statewide Public Safety Wireless Communications System - Reallocate spending components within current contract ceiling amount. Term: No change. Amount: No change.,,no change,,,Approved,No,,060B1400056,0,,,2016-Dec-7-Summary.pdf,17,"term-only change, no dollar figure"
2016-02-24,Department of Information Technology,2-IT-MOD,modification,ELECTLAW,Montgomery,"Elections Systems and Software, LLC",,,"Information Technology Modification - Statewide Voting System - Add equipment for early voting center. Term: 2/25/16- 3/31/17. Amount: $82,063.",82063.0,fixed,2016-02-25,2017-03-31,withdrawn,No,,COG56420,0,,,2016-Feb-24-Summary.pdf,12,"Board action was 'withdrawn', not approved"
2016-02-24,Department of Information Technology,4-IT-OPT,renewal,DIT,Statewide,"Esri, Inc.",,,"Information Technology Renewal Option - Exercise option; geograpic information system (GIS) software for use by 55 agencies. Term: 4/1/16- 6/30/16. Amount: $208,063.",208063.0,fixed,2016-04-01,2016-06-30,withdrawn,No,,060B6400016,0,,,2016-Feb-24-Summary.pdf,12,"Board action was 'withdrawn', not approved"
2016-01-06,Department of Information Technology,1-GM,award,DNR,Allegany,American Tower LLC,,,"Information Technology - Resource Sharing Agreement - Use State land for wireless telecommunications site in lieu of quite title action. Term: 10 years. Revenue Amount: $216,083 for full term and 25% of gross income.",216083.0,revenue-to-state,,,Approved,No,,,0,,,2016-Jan-6-Summary.pdf,15,"revenue to the state, not an expenditure"
2016-01-06,Department of Information Technology,2-IT,award,DIT,Statewide,"Day 1 Solutions, LLC",,,"Information Technology - Public cloud hosting and disaster recovery services. Term: 1/27/16- 7/31/17. Amount: $20,000,000.",20000000.0,fixed,2016-01-27,2017-07-31,withdrawn,yes,,060B6400011,0,,,2016-Jan-6-Summary.pdf,15,"Board action was 'withdrawn', not approved"
2016-07-27,Department of Information Technology,1-IT,award,HCD,Statewide,"Agate Software, Inc.",,,"Information Technology - IntelliGrants Software; comprehensive grant management system for community development and revitalization programs. Term: 8/18/16- 8/17/17. Amount: $438,375.",438375.0,fixed,2016-08-18,2017-08-17,withdrawn,No,,S00B7400001,0,,,2016-July-27-Summary.pdf,19,"Board action was 'withdrawn', not approved"
2016-07-06,Department of Information Technology,1-GM,award,ELECTLAW,N/A,"Elections Systems and Software, LLC",,,General Miscellaneous - Express Poll - Correct DoIT Item 3-IT (1/6/16) term expiration date from 2/28/16 to 12/31/16. Amount: No Change.,,no change,,,Approved,No,,D38B6400014,0,,,2016-July-6-Summary.pdf,16,"term-only change, no dollar figure"
2016-06-08,Department of Information Technology,6-IT-MOD,modification,PS,Statewide,"3M Cogent, Inc.",,,"Information Technology Modification - Maryland Automated Fingerprint Identification System (MAFIS) - Extend term; maintenance and technical support. Term: 7/1/16- 6/30/19. Amount: $586,247.",586247.0,fixed,2016-07-01,2019-06-30,withdrawn,No,,Q00B6400070,0,,,2016-June-8-Summary.pdf,28,"Board action was 'withdrawn', not approved"
2016-03-23,Department of Information Technology,1-IT,award,DIT,Statewide,"-- Solutions Computer Inc. Inc. Computing Avenue, LLC One River Enterprise LLC Pointe Technologies LLC Consulting, Inc. Hill Solutions Inc. API Group, Inc. LLC Builders, Inc. Public Sector, Inc. c/o Esi Inc. Public Safety & Solutions, Inc. Inc. Inc. Consulting Group, Technologies, LLC USA, Inc. Computer Solutions, Inc. IT Technologies Computer Supply Inc. Inc dba Frank Parsons Resources, Inc. Scripta LLC Inc.",,,"Information Technology - Award 37 indefinite quantity purchase order request for proposals-based master contracts; commercial off the shelf software, installation, training services and maintenance. Term: 3/23/16- 7/23/27. Amount: $71,000,000.",71000000.0,fixed,2016-03-23,2027-07-23,withdrawn,No,,060B2490021,1,,,2016-Mar-23-Summary.pdf,11,"Board action was 'withdrawn', not approved"
2016-05-11,Department of Information Technology,1-GM,award,DNR,Montgomery,"USA Fiber, LLC",,,"General Miscellaneous - Approve resource-sharing agreement for non-exclusive use of State rights of way in exchange for use of fibers and interconnection to fiber assets. Term: 5/11/16- 5/11/41. Estimated value $1,150,110 (25 years).",,,2016-05-11,2041-05-11,Approved,No,,,0,,,2016-May-11-Summary.pdf,15,no dollar figure on the item
2016-05-11,Department of Information Technology,8-IT-MOD,modification,HMH,Statewide,"Cognosante Consulting, LLC",,,"Information Technology Modification/Option - Medicaid Management Information System - Assess impact of termination and develop plan for replacement project; exercise renewal option. Term: 6/1/16- 5/31/17. Modification Amount: $1,051,461/Option Amount: $2,597,338.",1051461.0,fixed,2016-06-01,2017-05-31,withdrawn,No,,COG68205,0,,,2016-May-11-Summary.pdf,16,"Board action was 'withdrawn', not approved"
2016-11-16,Department of Information Technology,1-IT,award,DNR,Statewide,"CAMIS USA, Inc",,,"Information Technology - Maryland State Parks - Reservation system. Term: 4/1/17 - 3/31/20 (2 one-yr options). Revenue Generating Contract: $1,412,250.",,,2017-04-01,2020-03-31,Approved,No,,K00B7400059,0,,,2016-Nov-16-Summary.pdf,12,no dollar figure on the item
2016-11-16,Department of Information Technology,2-IT,award,DIT,Statewide,"-- 3 Communications, LLC Business Network Inc.",,,"Information Technology - Statewide transition to voice-over internet protocol; transfer long-distance & toll-free services. Term: 11/17/16 - 11/16/19. Amount: $14,067,443. Voice-over-IP $6,476,087.00 Verizon, Long Distance/Toll Free $7,591,356.00",14067443.0,fixed,2016-11-17,2019-11-16,withdrawn,No,,,0,,,2016-Nov-16-Summary.pdf,12,"Board action was 'withdrawn', not approved"
2016-11-16,Department of Information Technology,4-IT,modification,DIT,Statewide,"-- Teknology Video Technology Technologix, Inc. Group, Inc. Corporation Box Network Services Technologies LLC) Security Services Inc. River Enterprise Pointe Technologies Sales, Data Systems Point Systems, LLC Office Products Communication Group Telecom Technologies, Inc. Investment Corp. GCA Computer International Inc. America Business Inc. Communications Inc. dba/Verizon Services",,,Information Technology Modification - Add 22 companies; hardware master contract. Term: 12/1/16 - 11/14/27. Amount: no increase.,,,2016-12-01,2027-11-14,Approved,No,,060B2490022,1,,,2016-Nov-16-Summary.pdf,13,no dollar figure on the item
2016-11-02,Department of Information Technology,2-IT,award,COMP,Statewide,"Lexis Nexis Risk Solutions FL, Inc.",,,"Information Technology - Fraud detection system enhancements. Term: 11/16/16 - 11/15/17. Amount: $1,920,125.",1920125.0,fixed,2016-11-16,2017-11-15,withdrawn,No,,E00B7400018,0,,,2016-Nov-2-Summary.pdf,10,"Board action was 'withdrawn', not approved"
2017-04-26,Department of Information Technology,1-GM,award,DNR,Harford,AT&T Corp.,,,"Resource Sharing Agreement - Gunpowder Falls State Park- cable crossing. Term: 5/11/2017-4/26/2027. Revenue: $11,000.",11000.0,revenue-to-state,2017-05-11,2027-04-26,Approved,No,,,0,,,2017-Apr-26-Summary.pdf,17,"revenue to the state, not an expenditure"
2017-04-26,Department of Information Technology,2-IT,award,COMP,Anne Arundel,IBM Corporation,,,"Service Contract - Software maintenance and supoort services. Term: 7/1/2017-6/30/2018. Amount: 2,731,271.",,,2017-07-01,2018-06-30,Approved,No,,E00B7400041,0,,,2017-Apr-26-Summary.pdf,17,no dollar figure on the item
2017-04-26,Department of Information Technology,6-IT-MOD,modification,DIT,Statewide,"No Changes. Technologies, Inc. Inc. Inc. Systems Inc. Consulting, Inc. Services Software Inc. Solutions, LLC Solutions, Inc. Information Systems Brinckerhoff Half International & Summerfield Assoc., Softwware, LLC Solutions, Inc. Inc. RX Solutions Consulting, Inc. Group, Inc. Corporation Consulting Group, Inc. LLC Public Services LLC State and Local Solutions, Technical Services, Inc. LLC Inc. Data Inc. Inc Consulting, Inc. Inc. Hill Solutions Stffing Resources, LLC Inc. Consulting Records, Inc. Inc. API, Inc. Consulting, Inc. Services Group Sector Inc. Technology Solutions, Technologies Public Services, LLC Inc. Inc. Strtegic Resources, LLC Technologies, Inc. Business Consulting, Inc. Telecom & Inc. Inc. Solutions, LLC Inc. Vision, Inc. Systems, Inc. Group, LLC IT Solutions Sales Inc. Inc. Technologies BPS, Inc. Corporation Technology Technology Consulting, Blue, Inc. Automation & Inc. Solutions Group, Inc. Group Inc Visalign Global solutions, Inc. Strategic Management, Inc Montgomery & LLP Technologies, Inc.",,,,,,,,Approved,No,,060B2490023,1,,,2017-Apr-26-Summary.pdf,18,no dollar figure on the item
2017-08-16,Department of Information Technology,4-IT-OPT,renewal,ELECTLAW,Statewide,PCC Technology Inc.,,,"Information Technology Renewal Option - Exercise renewal. Term: 1/1/18- 12/31/18. Amount: $219,600.",219600.0,fixed,2018-01-01,2018-12-31,withdrawn,No,,D38B8400002,0,,,2017-Aug-16-Summary.pdf,20,"Board action was 'withdrawn', not approved"
2017-08-16,Department of Information Technology,5-IT,award,ELECTLAW,Statewide,"Elections Systems and Software, LLC",,,"Service Contract - ePoll Books - Maintenance services. Term: 9/8/17- 9/7/19. Amount: $797,644.",797644.0,fixed,2017-09-08,2019-09-07,withdrawn,No,,D38B8400001,0,,,2017-Aug-16-Summary.pdf,20,"Board action was 'withdrawn', not approved"
2017-12-20,Department of Information Technology,2-IT-OPT,renewal,DIT,Statewide,"Motorola, Inc.",,,"Information Technology Renewal Option - Public Safety Wireless Communications System - Exercise option. Term: 11/18/10- 11/17/18. Amount: $77,627,133.",77627133.0,fixed,2010-11-18,2018-11-17,withdrawn,yes,,0606B9800036,0,,,2017-Dec-20-Summary.pdf,14,"Board action was 'withdrawn', not approved"
2017-12-20,Department of Information Technology,5-IT,award,DAAT,Statewide,"The First Choice, LLC",,,"Information Technology - Strategic Enterprise Application Network - Cloud platform migration. Term: 1/8/18- 1/7/23. Amount: $297,300.",297300.0,fixed,2018-01-08,2023-01-07,withdrawn,No,,E50B8400008,0,,,2017-Dec-20-Summary.pdf,16,"Board action was 'withdrawn', not approved"
2017-12-06,Department of Information Technology,1-GM,award,DNR,Garrett,Comcast Corporation,,,"Resource Sharing Agreement - Deep Creek Lake. Term: 12/6/17- 1/6/27. Revenue: $82,000.",82000.0,revenue-to-state,2017-12-06,2027-01-06,Approved,No,,,0,,,2017-Dec-6-Summary.pdf,12,"revenue to the state, not an expenditure"
2017-12-06,Department of Information Technology,2-GM,award,DNR,Charles,Comcast Corporation,,,Resource Sharing Agreement - Patuxent Natural Resources Management Area. Term: 12/6/17- 12/6/32. Revenue: $0.,0.0,revenue-to-state,2017-12-06,2032-12-06,Approved,No,,,0,,,2017-Dec-6-Summary.pdf,12,"revenue to the state, not an expenditure"
2017-12-06,Department of Information Technology,3-GM,award,DOT,Howard,"APC Realty & Equipment Company, dba Sprint",,,"Resource Sharing Agreement - MD-32 and I-95 interchange. Term: 12/6/17- 12/6/27. Revenue: $621,071.",621071.0,revenue-to-state,2017-12-06,2027-12-06,Approved,No,,,0,,,2017-Dec-6-Summary.pdf,13,"revenue to the state, not an expenditure"
2017-12-06,Department of Information Technology,8-IT-MOD,modification,DIT,Statewide,"Alamo City Engineering Services, Inc.",,,"Information Technology Modification - Socrata Open Data Platform - Extend subscription for six months. Term: 1/1/18 - 3/31/18 (3-month extension). 4/1/18 - 6/30/18 (3-month renewal). Amount: $43,978.",43978.0,fixed,2018-01-01,2018-03-31,withdrawn,No,,COH46581,0,,,2017-Dec-6-Summary.pdf,14,"Board action was 'withdrawn', not approved"
2017-02-22,Department of Information Technology,1-IT-MOD,modification,DIT,Various,Mavenspire,,,Modification - Hardward Master Contract - Add one master contractor. Term: 2/22/17 - 11/14/27. Amount: No change.,,no change,2017-02-22,2027-11-14,Approved,No,,060B2490022,0,,,2017-Feb-22-Summary.pdf,8,"term-only change, no dollar figure"
2017-02-08,Department of Information Technology,1-IT-MOD,modification,DLLR,Statewide,"Geographic Solutions, Inc.",,,"Information Technology Modification - Maryland Workforce Exchange - Increase funds; add two software-as-aservice modules (SaaS). Term: No change. Modificatioin Amount: $1,059,820. Option Amount Increase: $954,656 (per option).",1059820.0,fixed,,,withdrawn,No,,COH7773,0,,,2017-Feb-8-Summary.pdf,15,"Board action was 'withdrawn', not approved"
2017-01-25,Department of Information Technology,2-IT-MOD,modification,DIT,Statewide,-- River Enterprise Services LLC Systems,,,"Information Technology Modification - Add three master contracts to purchase oder request for proposals-based contract providing hardware, installation, training services and warranties. Term: 1/25/17 - 11/14/27. Amount: No change.",,no change,2017-01-25,2027-11-14,Approved,No,,060B2490022,0,,,2017-Jan-25-Summary.pdf,20,"term-only change, no dollar figure"
2017-01-25,Department of Information Technology,3-IT-MOD,modification,DIT,Statewide,SHI International Corp.,,,"Information Technology Modification - Increase contract ceiling for contract prividing Microsoft Select Plus and Enterprise software products. Term: 11/1/15 - 10/31/17. Amount: $18,000,000.",18000000.0,fixed,2015-11-01,2017-10-31,withdrawn,No,,060B2490024,0,,,2017-Jan-25-Summary.pdf,21,"Board action was 'withdrawn', not approved"
2017-01-25,Department of Information Technology,6-IT,award,DBM/OPSB,Statewide,"Data Management, Inc. dba TimeClock Plus",,,"Information Technology - Provide timeclock software to integrate with the state's electronic timekeeping system platform. Term: 2/8/17 - 8/31/17. Amount: $2,370,000.",2370000.0,fixed,2017-02-08,2017-08-31,withdrawn,No,,060B7400055,0,,,2017-Jan-25-Summary.pdf,21,"Board action was 'withdrawn', not approved"
2017-07-05,Department of Information Technology,2-IT-MOD,modification,DIT,Statewide,"Mission Services, Inc.",,,Information Technology Modification - Conslulting and Technical Services Plus (CATS+) - Add one additional master contractor. Original Contract Term: 4/22/13-4/21/28. No additional funds.,,,2013-04-22,2028-04-21,Approved,No,,060B2490023,0,,,2017-Jul-5-Summary.pdf,8,no dollar figure on the item
2017-07-26,Department of Information Technology,4-IT-MOD,modification,DENV,Statewide,"Gold Systems, Inc.",,,Information Technology Modification - Web service allowing applications desktop and online access to Ambient Water Quality Monitoring System data. Term: 10/1/17 - 9/30/18. Amount: No change.,,no change,2017-10-01,2018-09-30,Approved,No,,COH16147,0,,,2017-July-26-Summary.pdf,19,"term-only change, no dollar figure"
2017-03-08,Department of Information Technology,1-GM,award,MPT,Baltimore,pdvWireless,,,"General Miscellaneous - Resource-sharing agreement for telecommunications equipment and services at the Owings Mills Tower. Term: 3/8/17 - 3/8/22. Revenue: $97,494.",97494.0,revenue-to-state,2017-03-08,2022-03-08,Approved,No,,,0,,,2017-Mar-8-Summary.pdf,10,"revenue to the state, not an expenditure"
2017-03-08,Department of Information Technology,3-IT-MOD,modification,DIT,Statewide,"-- Corporation Consulting Enterprise LLC Inc. Technologies, Inc. Information Sciences, Arch Inc. Systems LLC LLC Software Services, LLC Direct LLC Services Unlimited, deleted) Systems Technologies, LLC LP Tech, Inc. Management Services, Copier Associates dba Imaging Systems Solutions Technologies, Inc. Solutions Government LP IT Resources, LLC Chip Consulting Consulting Services, LLC Solutions, LLC LLC Knowledgebase Inc. Tech Technology Solutions, LLC LLC LLC and Company Soft LLC Inc. Inc. Systems Critical Partners LLC Inc. for Future Inc. (NFF Technologies, LLC Inc. Star Group LLC Applications of Vital Inc. Applications LLC Security Inc. Inc. Network Solutions Computing, LLC Systems Oriented Solutions, Inc. Technologies Inc. Software Resources Wang & Associates, Inc Infotech, Inc. Tech InfoTech, Inc. Solutions, LLC & Associates, Inc. Resources Design Technologies Inc. & Associates Front Inc. Connections Inc. Computer Center Inc. St. Paul Group Networks, Inc. & Company, LLC 7 Systems Inc. Logics, Inc. Soft Technologies Integration , Inc. LLC LLC Inc. Software, LLC Group Professional LLC Systems Business Solutions Technologies Inc. LLC Solutions, Inc. Point Solutions, LLC Consultants, Inc. Solutions, Inc. Technology USA, Inc. Technologies, LLC Technology Group Corp. LLC Technologies, Inc. Wise Consulting, LLC Ventures, Inc. Technology Solutions, Inc. Vision, LLC Infotech Entry Company Technology Services Consulting LLC",,,Information Technology Modification - Consulting and technical services. Add 113 master contractors. Term: No change. Amount: No change.,,no change,,,Approved,No,,060B2490023,1,,,2017-Mar-8-Summary.pdf,10,"term-only change, no dollar figure"
2017-05-24,Department of Information Technology,3-IT-MOD,modification,DIT,Statewide,"-- Inc. Engineering Systems & Software, Integration Group People, Inc.",,,Information Technology - Update master contractor list for CATS+ Program.,,,,,Approved,No,,060B2490023,0,,,2017-May-24-Summary.pdf,10,no dollar figure on the item
2017-05-24,Department of Information Technology,5-IT-MOD,modification,DOT/MTA,Statewide,Trapeze Software Group,,,"Information Technogoly Modification - Increase capablilities to Trapeze software. Term: 6/8/17-6/17/20. Amount: 765,595.",,,2017-06-08,2020-06-17,Approved,No,,J05B5400046,0,,,2017-May-24-Summary.pdf,11,no dollar figure on the item
2017-09-20,Department of Information Technology,5-IT,award,DOT/MTA,Various,"LaborSoft, Inc.",,,"Information Technology - Labor and Employee Relations Software Licenses - Ratify payments. Term: 9/1/15- 9/20/17. Amount: $120,000.",120000.0,fixed,2015-09-01,2017-09-20,withdrawn,No,,,0,,,2017-Sept-20-Summary.pdf,12,"Board action was 'withdrawn', not approved"
2017-09-20,Department of Information Technology,6-IT,award,DOT/MTA,Various,"Micrographic Equipment Design, Inc.",,,"Information Technology - Document Scanning - Ratify payments. Term: 9/17/15- 9/20/17. Amount: $258,320.",258320.0,fixed,2015-09-17,2017-09-20,withdrawn,No,,,0,,,2017-Sept-20-Summary.pdf,12,"Board action was 'withdrawn', not approved"
2017-09-20,Department of Information Technology,7-IT,award,DOT/MTA,Various,"Urban Transportation Association, Inc.",,,"Information Technology - Automatic Passenger Counting/Monitoring - Ratify payments. Term: 9/18/15- 9/20/17. Amount: $35,516.",35516.0,fixed,2015-09-18,2017-09-20,withdrawn,No,,,0,,,2017-Sept-20-Summary.pdf,12,"Board action was 'withdrawn', not approved"
2018-04-18,Department of Information Technology,2-IT-MOD,modification,DIT,Statewide,Various,,,"Information Technology Modification - Consulting and technical services plus (CATS+); add funds. Amount: $350,000,000. For vendor list see DoIT Item 3 (4/3/13).",350000000.0,fixed,,,withdrawn,No,,060B2490023,0,,",COH",2018-Apr-18-Summary.pdf,11,"Board action was 'withdrawn', not approved"
2018-08-22,Department of Information Technology,6-GM,award,DNR,Frederick,Cellco Partnership d/b/a Verizon Wireless,,,"Resource Sharing Agreement - Cunningham Falls State Park - Equipment shed. RETROACTIVE Term: 7/25/03- 8/31/18. This Term: 9/1/18- 12/31/27. Revenue Amount: $312,940.",312940.0,revenue-to-state,2003-07-25,2027-12-31,Approved,No,,,0,,,2018-Aug-22-Summary.pdf,17,"revenue to the state, not an expenditure"
2018-12-19,Department of Information Technology,1-GM,award,MPT,Frederick,Cellco Partnership d/b/a Verizon Wireless,,,"General Miscellaneous - Resource Sharing Agreement - Enter into agreement for tower space in Urbana. Term: 1/1/19- 12/31/38. Revenue amount: $324,979.",324979.0,revenue-to-state,2019-01-01,2038-12-31,withdrawn,No,,,0,,,2018-Dec-19-Summary.pdf,22,"Board action was 'withdrawn', not approved"
2018-02-21,Department of Information Technology,1-IT-MOD,modification,DBM,Statewide Performa,Software USA,,,"Information Technology Modification - Enterprise Budget System replacement; increase amount. Term: 3/1/18- 9/30/19. Amount: $2,596,511.",2596511.0,fixed,2018-03-01,2019-09-30,,,,,0,,,2018-Feb-21-Summary.pdf,6,no action line found in the summary
2018-02-21,Department of Information Technology,2-IT,award,DIT,Statewide Town,Hall Streams,,,"Information Technology - Meeting live streaming and hosting services. Term: 3/1/18- 2/28/21. Amount: $1,125,000.",1125000.0,fixed,2018-03-01,2021-02-28,,,,,0,,,2018-Feb-21-Summary.pdf,6,no action line found in the summary
2018-02-21,Department of Information Technology,3-IT-MOD,modification,DIT,"Statewide Motorola,",Inc.,,,"Information Technology Modification - Public safety wireless communications system; extend contract term. Term: 11/18/18- 11/17/22. Amount: $41,000,000.",41000000.0,fixed,2018-11-18,2022-11-17,,,,,0,,,2018-Feb-21-Summary.pdf,6,no action line found in the summary
2018-02-21,Department of Information Technology,4-IT-MOD,modification,DIT,Statewide Federal,Engineering,,,"Information Technology Modification - Radio system contract manager; ratify both option terms & extend contract. Retroactive Terms: 6/1/16- 5/31/15 & 6/1/17- 5/31/18. Modification Term: 6/1/18- 5/31/22. Amount: $1,364,139.",1364139.0,fixed,2018-06-01,2022-05-31,,,,,0,,,2018-Feb-21-Summary.pdf,6,no action line found in the summary
2018-02-21,Department of Information Technology,5-IT,award,DOT,Statewide Carahsoft,Technology Corporation www.bpw.maryland.gov,,,"Information Technology - Real time data visualizations and analytics software. Term: 3/8/18- 3/7/21. Amount: $3,236,670. Page 6 of 14",3236670.0,fixed,2018-03-08,2021-03-07,,,,,0,,,2018-Feb-21-Summary.pdf,6,no action line found in the summary
2018-02-21,Department of Information Technology,6-IT,award,DOT/MdTA,"Statewide Kapsch,","USA, Inc.",,,"Information Technology - Electronic toll collection. Term: 3/8/18- 3/7/20. Amount: $71,911,343.",71911343.0,fixed,2018-03-08,2020-03-07,,,,,0,,,2018-Feb-21-Summary.pdf,7,no action line found in the summary
2018-02-21,Department of Information Technology,7-IT,award,DOT/MdTA,"Statewide TransCore,",LP,,,"Information Technology - Customer service center services; electronic toll collection. Term: 3/8/18-3/7/20. Amount: $200,428,773.",200428773.0,fixed,2018-03-08,2020-03-07,,,,,0,,,2018-Feb-21-Summary.pdf,7,no action line found in the summary
2018-02-21,Department of Information Technology,8-IT-MOD,modification,MIEMSS,Statewide ImageTrend,Corp.,,,"Informtion Technology Modification - EMS data system license maintenance and hosting; add software modules. Term: 3/1/18- 6/30/20. Amount: $394,900.",394900.0,fixed,2018-03-01,2020-06-30,,,,,0,,,2018-Feb-21-Summary.pdf,7,no action line found in the summary
2018-02-21,Department of Information Technology,9-IT-MOD,modification,BCCC,"Baltimore City Instructure,",Inc.,,,"Information Technology Modification - RETROACTIVE - Learning management systems software program; correct term/approve options & extend term. Term: 3/1/18- 6/30/20. Amount: $230,892.",230892.0,fixed,2018-03-01,2020-06-30,,,,,0,,,2018-Feb-21-Summary.pdf,7,no action line found in the summary
2018-02-21,Department of Information Technology,10-IT,award,PS/IT&CD,Statewide TeleCommunications,"Systems, Inc.",,,"Information Technology - Interim text to 9-1-1 services. Term: 3/1/18- 2/28/20. Amount: $2,424,404.",2424404.0,fixed,2018-03-01,2020-02-28,,,,,0,,,2018-Feb-21-Summary.pdf,7,no action line found in the summary
2018-02-07,Department of Information Technology,2-IT-MOD,modification,MIEMSS,Statewide,ImageTrend Corp.,,,"Information Technology Modification - EMS Data System license maintenance and hosting; add software modules. Term: 3/1/18- 6/1/21. Amount: $585,940.",585940.0,fixed,2018-03-01,2021-06-01,withdrawn,No,,COH50011,0,,,2018-Feb-7-Summary.pdf,13,"Board action was 'withdrawn', not approved"
2018-01-03,Department of Information Technology,1-GM,award,MPT,Frederick,"APC Realty and Equipment Company, LLC (dba Sprint)",,,"General Miscellaneous - Resource Sharing Agreement - Co- locate MPT Urbana Tower equipment (2123 Dixon Road). Term: 1/3/18- 1/2/22. Revenue Amount: $199,308.",199308.0,revenue-to-state,2018-01-03,2022-01-02,Approved,No,,,0,,,2018-Jan-3-Summary.pdf,8,"revenue to the state, not an expenditure"
2018-07-19,Department of Information Technology,1-GM,award,DNR,Frederick,Cellco Partnership d/b/a Verizon Wireless,,,"Resource Sharing Agreement - Cunningham Falls State Park - Rental of 41,821 sq. ft. of land for an equipment shed. Revenue Amount: $312,940.",312940.0,revenue-to-state,,,withdrawn,No,,,0,,,2018-July-19-Summary.pdf,14,"Board action was 'withdrawn', not approved"
2018-06-20,Department of Information Technology,1-GM,award,DNR,Washington,"CSX Transportation, Inc.",,,"General Miscellaneous - Indian Springs Wildlife Management Area - Enter into resource sharing agreement. Term: 7/1/18- 6/30/28. Revenue amount: $139,500.00",139500.0,revenue-to-state,2018-07-01,2028-06-30,Approved,No,,,0,,,2018-June-20-Summary.pdf,34,"revenue to the state, not an expenditure"
2018-10-31,Department of Information Technology,2-IT,award,DOT/MVA,Statewide,MS Technologies Corporation,,,"Information Technology - Software license and support for the Automated Comuplsory Insurance System/eFR-19 web application. Term: 12/17/18- 12/16/21. Amount: $2,390,970.",2390970.0,fixed,2018-12-17,2021-12-16,withdrawn,No,,J04B9400013,0,,,2018-Oct-31-Summary.pdf,11,"Board action was 'withdrawn', not approved"
2019-04-24,Department of Information Technology,1-GM,award,DNR,Various,Crown Castle Inc.,,,"General Miscellaneous - Parts of Patuxent, Patapsco Valley ad Gunpowder Falls State Parks - Enter into resource sharing agreement; receive settlement reimbursement. Term: 5/1/19- 4/30/29. Revenue Amount: $1,616,009 (settlement for 4/2012- 4/2019); $3,576,730.35 (10-year base) Like Kind Exchange (LKE).",1616009.0,revenue-to-state,2019-05-01,2029-04-30,Approved,No,,,0,,,2019-Apr-24-Summary.pdf,13,"revenue to the state, not an expenditure"
2019-04-24,Department of Information Technology,3-IT-MOD,modification,DIT,Statewide,"NICUSA, Inc.",,,"Information Technology Modification - RETROACTIVE - Maryland Self-funded eGovernment services; ratify State- paid fees. Total Amount: $11,740,360 (See Item).",11740360.0,fixed,,,withdrawn,No,,,0,,,2019-Apr-24-Summary.pdf,13,"Board action was 'withdrawn', not approved"
2019-04-24,Department of Information Technology,5-IT,renewal,DIT,,"-- Information $14,716,480. LLC Technologies LLC Human Services, Inc. Systems, Software Systems Software Systems, Inc. Company",,,"Technology - Award ten task orders. Amount: Four project managers; extend $2,106,620.00 term. Term: 6/26/19- 7/25/20. Business analysis resources. $3,104,640.00 Term: 5/9/19- 5/8/24. Maintenance and operations $2,710,268.00 support for web-based content; exercise option. Term: 6/1/19- 5/31/20. Obtain four project managers. $2,303,771.00 Term: 6/1/19- 5/31/20. IT architecture, quality assurance $1,438,920.00 and computer software analysis/integration; exercise option. Term: 4/25/19- 4/24/20. Project management services. $206,700.00 Term: 5/6/19- 5/5/20. Harry W. Nice Bridge $875,000.00 communications tower and shelter. Term: 120 working days from Notice to Proceed. PBX III - Telecommunications $1,320,601.00 equipment and services. Term: 4/1/19- 6/30/20. Monitoring software. Term: $299,960.00 4/23/19- 3/31/22. New hardware. Term: 5/7/19- $350,000.00 4/25/20.",,,2019-06-26,2020-07-25,Approved,yes,,,1,,,2019-Apr-24-Summary.pdf,14,no dollar figure on the item
2019-08-14,Department of Information Technology,1-GM,award,DIT,Baltimore,Fiberlight LLC,,,"General Miscellaneous - Modify resource sharing agreement to construct a multiple-conduit, fiber-optic system. Term: 9/3/19 - 4/5/21.",,,2019-09-03,2021-04-05,Approved,No,,,0,,,2019-Aug-14-Summary.pdf,16,no dollar figure on the item
2019-08-14,Department of Transportation,3-IT-MOD,modification,DIT,Statewide,"Various LLC Solutions, LLC Infotech LLC Solutions Inc. Business Systems, Inc. Consulting International, Inc. Inc. LLC Solutions Inc. IT Security Solutions Group",,,Information Technology Modification - DoIT seeks to add 13 new vendors to the CATS+ Master Contract.. Term: 4/22/13 - 4/21/2028. No amount. Information Technology $0.00 Modification - DoIT seeks to add 13 new vendors to the CATS+ Master Contract. No amount. Information Technology $0.00 Modification - DoIT seeks to add 13 new vendors to the CATS+ Master Contract. No amount. Information Technology Modification - DoIT seeks to add 13 new vendors to the CATS+ Master Contract. No amount. Information Technology Modification - DoIT seeks to add 13 new vendors to the CATS+ Master Contract. No amount. Information Technology Modification - DoIT seeks to add 13 new vendors to the CATS+ Master Contract. No amount. Information Technology Modification - DoIT seeks to add 13 new vendors to the CATS+ Master Contract. No amount. Information Technology Modification - DoIT seeks to add 13 new vendors to the CATS+ Master Contract. No amount. Information Technology Modification - DoIT seeks to add 13 new vendors to the CATS+ Master Contract. No amount. Information Technology Modification - DoIT seeks to add 13 new vendors to the CATS+ Master Contract. No amount. Information Technology Modification - DoIT seeks to add 13 new vendors to the CATS+ Master Contract. No amount. Information Technology Modification - DoIT seeks to add 13 new vendors to the CATS+ Master Contract. No amount. Information Technology Modification - DoIT seeks to add 13 new vendors to the CATS+ Master Contract. No amount. Information Technology Modification - DoIT seeks to add 13 new vendors to the CATS+ Master Contract. No amount.,,,2013-04-22,2028-04-21,Approved,No,,060B2490023,1,,,2019-Aug-14-Summary.pdf,21,no dollar figure on the item
2019-12-18,Department of General Services,22-IT,award,HCD,Statewide Emphasys,"Computer Solutions, Inc.",,,"Information Technology - renewal of licenses, maintenance, and enhancement services for single-family loans commputer application. Term: 1/1/20 - 12/31/22. Amount: $900,000.",900000.0,fixed,2020-01-01,2022-12-31,,,,,0,,,2019-Dec-18-Summary.pdf,14,no action line found in the summary
2019-12-18,Department of General Services,23-IT-OPT,renewal,MDL,Statewide Geographic,"Solutions, Inc.",,,"Information Technology Option - Maryland Workforce Exchange System - software-as-a-service solution. Term: 1/1/20 - 12/31/20. Amount: $2,163,816.",2163816.0,fixed,2020-01-01,2020-12-31,,,,,0,,,2019-Dec-18-Summary.pdf,14,no action line found in the summary
2019-12-18,Department of General Services,24-IT-MOD,modification,DIT,"Statewide Motorola,",Inc. www.bpw.maryland.gov,,,"Information Technology Modification - Public safety wireless communication. Add backhaul upgrade from T-1 to Ethernet to Scope and remove systems manager services. Term: 1/8/20 - 11/17/22. Reversion Amount: $1,383,474. Page 14 of 17",1383474.0,fixed,2020-01-08,2022-11-17,,,,,0,,,2019-Dec-18-Summary.pdf,14,no action line found in the summary
2019-12-18,Department of General Services,25-IT,award,DIT,Various --,"Technology Services Desktop authority maintenance. Technology Services, Inc. SecureAuth software Solutions Group, Inc. CATS+TORFP or consulting services. year renewal. Bailey Cox & Magnani, Statewide GIS training year contract extension.",,,"Information Technology - Approve task orders under previously-approved master contracts. support and $204,495.00 $409,605.00 IT management $3,007,731.00 Exercise first 1- program. 1- $75,000.00",,,,,,,,,1,,,2019-Dec-18-Summary.pdf,15,no action line found in the summary
2019-12-18,Department of General Services,40-IT,award,DIT,--,"Inc. Support resources Computer Concepts Purchase 3,290 Fujitsu LLC Support resources www.bpw.maryland.gov",,,"Information Technology - Approve task orders under previously-approved master contracts. to the SBE divisions. $6,198,640.00 desktops. $4,069,862.00 to the SBE divisions. $6,797,448.00 Page 17 of 17",,,,,,,,,0,,,2019-Dec-18-Summary.pdf,17,no action line found in the summary
2019-12-04,Department of General Services,26-IT-MOD,modification,DIT,Statewide,"-- Wireless USA Mobility Solutions, Inc.",,,Information Technology Modification - Mobile wireless services and equipment by participating in NASPO ValuePoint contract #1907.,,,,,Approved,No,,COI42783,0,,,2019-Dec-4-Summary.pdf,19,no dollar figure on the item
2019-12-04,Department of General Services,28-IT,award,DGS,Various,"-- Technology Services J01B3400025 Point Systems N00B8400064 Inc. J00B0600012 Solutions 060B2490021 Information Services, LLC Q00P0602652",,,"Information Technology - Approve award of task orders under previously approved master contracts. Mainframe and peripheral $537,807.00 support. Extend task order by 12 months. Offsite tape storage services. $35,000.00 Procure agile development $54,000,000.00 resources. Provide HPE hardware, $234,105.00 installation and maintenance. Rapid Renewal software licensing. $231,930.00 IBM Passport Advantage $1,547,294.00",,,,,Approved,No,,,1,,,2019-Dec-4-Summary.pdf,20,no dollar figure on the item
2019-12-04,Department of General Services,43-IT,modification,ELECTLAW,Statewide,"Sidus Group, LLC",,,Information Technology Modification - Voter registration data center operations. Etend contract term for 7 months as a base-period etension. Term: 1/1/20 - 6/30/20.,,,2020-01-01,2020-06-30,Approved,No,,D38B9400006,0,,,2019-Dec-4-Summary.pdf,24,no dollar figure on the item
2019-12-04,Department of General Services,44-IT,award,DIT,Statewide,Verizon Business Group,,,"Information Technology - State Board of Elections - Purchase 1,355 Cradlepoint AER2200 routers, one Cradlepoint CR4250 with rack mounting accessories, and Cradlepoint AER2200 with 5-years NetCloud Manager (NCM) CradleCare Support. Term: 1/8/20 - 12/31/20.",,,2020-01-08,2020-12-31,Approved,yes,,,0,,,2019-Dec-4-Summary.pdf,24,no dollar figure on the item
2019-02-06,Department of Information Technology,1-IT-OPT,renewal,DIT,Statewide Cornerstone,"OnDemand, Inc.",,,"Information Technology Renewal Option - Cloud-based learning management system; exercise option. Term: 2/23/19- 2/22/20. Amount: $655,183.",655183.0,fixed,2019-02-23,2020-02-22,,,,,0,,,2019-Feb-6-Summary.pdf,5,no action line found in the summary
2019-02-06,Department of Information Technology,2-IT-MOD,modification,MHEC,"Statewide Interclypse,",Inc.,,,"Information Technology Modification - Maryland College Aid Processing System; develop mandatory financial aid grant and scholarship programs. Term: 2/21/19- 8/31/19. Amount: $715,022.",715022.0,fixed,2019-02-21,2019-08-31,,,,,0,,,2019-Feb-6-Summary.pdf,5,no action line found in the summary
2019-02-06,Department of Information Technology,3-IT,award,DOT/SHA,Baltimore StreetLight,"Data, Inc. www.bpw.maryland.gov",,,"Information Technology - Cloud-based, online software platform. Term: 2/21/19- 2/20/20. Amount: $236,137. Page 5 of 10",236137.0,fixed,2019-02-21,2020-02-20,,,,,0,,,2019-Feb-6-Summary.pdf,5,no action line found in the summary
2019-02-06,Department of Information Technology,4-IT,award,DIT,Statewide Digital,"Management, LLC",,,"Information Technology - Statewide network management services. Term: 3/1/19- 2/28/22. Amount: $27,201,877.",27201877.0,fixed,2019-03-01,2022-02-28,,,,,0,,,2019-Feb-6-Summary.pdf,6,no action line found in the summary
2019-01-23,Department of Information Technology,3-IT,award,DIT,Statewide,"Digital Management, LLC",,,"Information Technology - IT management and maintenance services, including MDOT's IT network. Term: 3/1/19 - 2/28/22. Amount: $27,201,877.",27201877.0,fixed,2019-03-01,2022-02-28,withdrawn,No,,060B8400023,0,,,2019-Jan-23-Summary.pdf,14,"Board action was 'withdrawn', not approved"
2019-07-03,Department of Information Technology,1-IT-MOD,modification,DIT,Statewide,"-- LLC Services Engineering Consulting Corp, Inc. IT Solutions Commerce and Services Insights + Solutions Technology Group Concepts, Inc. Consulting, Inc. Resources, Inc. Consulting Corporation of Genius Enterprises Information Resource (SIRC) Industries Technology Partners Corporation Layer Corporation Tech, Inc.",,,Information Technology Modification - Technical and consulting services. Add 25 master contractors. Term: No change. Amount: No change.,,no change,,,Approved,No,,060B2490023,1,,,2019-Jul-3-Summary.pdf,12,"term-only change, no dollar figure"
2019-07-03,Department of Information Technology,2-IT-MOD,modification,PS,Statewide,Appriss Inc.,,,"Information Technology Modification - Victim Information Notification Everyday (VINE) services and maintenance and support. Upgrade to enhanced VINE services. Term: No change. Amount: $777,000.",777000.0,fixed,,,withdrawn,No,,COI07483,0,,,2019-Jul-3-Summary.pdf,13,"Board action was 'withdrawn', not approved"
2019-07-24,Department of Information Technology,1-GM,award,DIT,Worcester,Cellco Partnership d/b/a Verizon Wireless,,,"General Miscellaneous - Enter into resource sharing agreement for leasing tower space. Term: 8/1/19 - 7/23/44. Revenue amount: $83,271.",83271.0,revenue-to-state,2019-08-01,2044-07-23,Approved,No,,,0,,,2019-July-24-Summary.pdf,18,"revenue to the state, not an expenditure"
2019-07-24,Department of Information Technology,4-IT-MOD,modification,DIT,Statewide,"-- LLC Solutions, Inc. Services Corporation Technology Ventures DiMaio Solutions, Inc. International Shark, LLC Unlimited Info Tech Architecture & Management, Inc. Systems, Inc. Services, LLC Software & Solutions Technology Consultants, Inc. Technology Solutions Inc. 72 Source Technologies, LLC Bit, LLC LLP Technology, Inc. (formerly known as Corp. & Briggs Solutions, Inc.",,,"Information Technology Modification - Multiple-award, indefinite quantity, task-order based Master Contract to provide Statewide Information Technical and consulting services. Term: 4/22/13 - 4/21/28. No amount..",,,2013-04-22,2028-04-21,Approved,No,,060B2490023,1,,,2019-July-24-Summary.pdf,18,no dollar figure on the item
2019-07-24,Department of Information Technology,7-IT,award,PS,Statewide,Global Tel Link Corporation,,,Information Technology - Intergovernmental cooperative purchase - DPSCS seeks to enter into an Intergovernmental Cooperative Purchasing agreement through Prince William County (VA) to provide inmate telecomminication system and other technology services. Term: 8/1/19 - 12/31/22. Amount: $0.00,0.0,fixed,2019-08-01,2022-12-31,withdrawn,No,,Q00B9400038,0,,,2019-July-24-Summary.pdf,20,"Board action was 'withdrawn', not approved"
2019-07-24,Department of Information Technology,11-IT-MOD,modification,DIT,Statewide,"NICUSA, Inc.",,,"Information Technology Modification - RETROACTIVE - eGovernment services. Approve contract and allow agencies to continue using Transaction Cost Service modl until contract expires. Amount: $11,195,596.",11195596.0,fixed,,,deferred,yes,,F50B9400022,0,,,2019-July-24-Summary.pdf,22,"Board action was 'deferred', not approved"
2019-06-19,Department of Information Technology,1-GM,award,DIT,Garrett State,of West Virginia,,,"Resource Sharing Agreement - Thayerville Lookout Tower - Deep Creek Lake State Park. Term: 6/19/19- 6/18/24. Revenue amount: $32,417.",32417.0,revenue-to-state,2019-06-19,2024-06-18,,,,,0,,,2019-Jun-19-Summary.pdf,16,no action line found in the summary
2019-06-19,Department of Information Technology,2-GM,award,DIT,Baltimore T-Mobile,Northeast LLC,,,"General Miscellaneous - Resource Sharing Agreement - Cub Hill Tower. Term: 6/19/19- 6/18/29. Revenue amount: $357,673.",357673.0,revenue-to-state,2019-06-19,2029-06-18,,,,,0,,,2019-Jun-19-Summary.pdf,16,no action line found in the summary
2019-06-19,Department of Information Technology,3-IT-MOD,modification,DIT,Various --,"www.bpw.maryland.gov Software and LLC Research Associates Professionals Alliance Inc. Technology Services Systems Inc. Inc. LLC Solutions Inc. Networks LLC Consulting LLC Federal Systems, LLC Only LLC Group LLC Technologies Inc. LLC Solutions LLC Engineering & Services",,,Information Technology Modification - Consulting and technical services plus (CATS+). Add 20 master contractors. Page 16 of 29 Amount: $0.,0.0,fixed,,,,,,,1,,,2019-Jun-19-Summary.pdf,16,no action line found in the summary
2019-06-19,Department of Information Technology,4-IT,award,OFADHEAR,Statewide CourtSmart,"Digital Systems, Inc. www.bpw.maryland.gov",,,"Information Technology - Digital recording system. Term 7/1/19- 6/30/22. Amount: $438,000. Page 17 of 29",438000.0,fixed,,,,,,,0,,,2019-Jun-19-Summary.pdf,17,no action line found in the summary
2019-06-19,Department of Information Technology,5-IT,award,PS,Statewide NextGen,Healthcare Information LLC,,,"Information Technology - Electronic health patient record system. Term: 7/1/19- 6/30/22. Amount: $4,004,250.",4004250.0,fixed,2019-07-01,2022-06-30,,,,,0,,,2019-Jun-19-Summary.pdf,18,no action line found in the summary
2019-06-19,Department of Information Technology,6-IT,award,DOT/MdTA,Baltimore City Systems,"Consulting Group, LLC",,,"Information Technology - Fort McHenry Tunnel and Baltimore Harbor Tunnel - Radio rebroadcast system software maintenance and service plan. Term: 8/1/19- 7/31/24. Amount: $135,121.",135121.0,fixed,2019-08-01,2024-07-31,,,,,0,,,2019-Jun-19-Summary.pdf,18,no action line found in the summary
2019-06-19,Department of Information Technology,7-IT,renewal,VARIOUS,--,"Solutions, Inc. Inc. Solutions, Inc. LLC Data Solutions Services, LLC Inc. LLC www.bpw.maryland.gov Mirmiran & Thompson, of America Inc. Inc. Corporation Systems Associates, Inc.",,,"Information Technology - Award 10 task orders/purchase orders. Amount: $8,656,691. Extend term. Term: 7/1/19- 6/30/22. $748,800.00 IBM annual maintenance. Term: $782,108.00 7/1/19- 5/31/20. Storage arrays. Term: 6/24/19- $344,745.00 7/23/22. Commercial Off-the-Shelf Software $355,656.00 (COTS 2012). Term: 6/29/19- 6/29/20. Extend term; add funds. Term: $480,000.00 7/8/19- 11/7/19. Thermal printers and cores. Term: $204,454.00 7/4/19- 7/3/24. Cisco network equipment. Term: One $294,488.00 time purchase. Extend term. Term: 7/1/19- 6/30/22. $686,400.00 Nutanix servers extended 5-year $223,291.00 warranty. Term: 7/4/19- 7/3/19. Consulting and Technical Services $337,376.00 Plus (CATS+); add two resources. Term: 7/1/19- 5/31/20. Page 18 of 29 Operation & maintenance of online $606,668.00 COMPASS system. Exercise third and final option. Replace telecommunications $1,432,911.00 equipment.. Term: 9 months after notice to proceed. Extend term. Term: 7/1/19- 6/30/22. $687,960.00 Extend term. Term: 7/1/19- 6/30/22. $768,160.00 Radio communications equipment. $437,132.00 Term: 6/20/19- 6/30/19. Continue use of additional database $266,542.00 manager. Term: 7/1/19- 7/12/20.",8656691.0,fixed,2019-07-01,2022-06-30,,,,,1,,,2019-Jun-19-Summary.pdf,18,no action line found in the summary
2019-06-19,Department of Information Technology,8-IT-MOD,modification,DOHR,Statewide Conduent,State & Local Solutions,,,"Information Technology Modification - Outsourcing of hosting services; extend term and revise service level metrics. Term: 7/1/19- 12/31/20. Amount: $30,838,336.",30838336.0,fixed,2019-07-01,2020-12-31,,,,,0,,,2019-Jun-19-Summary.pdf,19,no action line found in the summary
2019-06-19,Department of Information Technology,9-IT,confirmation,MDH,"Softech,",Inc.,,,"Information Technology - Maryland Public Behavioral Health System - Provide validation, testing, and confirmation ensuring optimal level performance of Administrative Service Organization (ASO). Term: 7/1/19 - 6/30/21.",,,2019-07-01,2021-06-30,,,,,0,,,2019-Jun-19-Summary.pdf,19,no action line found in the summary
2019-06-05,Department of Information Technology,1-GM,award,DIT,Montgomery,T-Mobile Northeast LLC,,,"General Miscellaneous - Tower Space, Maryland Institute for Emergency Medical Services Systems - Enter into resource sharing agreement. Term: 5/22/19- 5/21/29. Revenue: $564,650.",564650.0,revenue-to-state,2019-05-22,2029-05-21,Approved,No,,,0,,,2019-Jun-5-Summary.pdf,19,"revenue to the state, not an expenditure"
2019-06-05,Department of Information Technology,3-IT-MOD,modification,DIT,Statewide,"-- Information Technical LLP Info Systems LLC Information LLC Consulting Group LLC LLC LLC HR Approach Inc. Inc. Technologies Corp. Inc. LLC Electronic Security Inc. Solutions Choice LLC (TFC) Solutions, LLC Technologies, Inc. LLC",,,Technology Modification - Consulting and Services Plus (CATS+); add 21 master contractors.,,,,,Approved,No,,COI06371,1,,,2019-Jun-5-Summary.pdf,20,no dollar figure on the item
2019-06-05,Department of Information Technology,5-IT,award,MDH,Statewide,Softech Inc.,,,"Information Technology - Administrative Service Organization (ASO) - Technical and operational support. Term: 7/1/19- 6/30/21. Amount: $2,235,761.",2235761.0,fixed,2019-07-01,2021-06-30,withdrawn,No,,M00B060027,0,,,2019-Jun-5-Summary.pdf,21,"Board action was 'withdrawn', not approved"
2019-06-05,Department of Information Technology,7-IT-MOD,modification,DOT/MTA,Various,Wabtec Railway Electronics,,,"Information Technology Modification - Positive train control interoperable electronic train management system; install system on a new diesel locomotive. Term: 6/20/19- 1/22/20. Amoiunt: $369,880.",,,2019-06-20,2020-01-22,Approved,No,,COI10526,0,,,2019-Jun-5-Summary.pdf,21,no dollar figure on the item
2019-06-05,Department of Information Technology,10-IT,award,BCCC,Baltimore City,"Hartman Executive Advisors, LLC",,,"Information Technology - RETROACTIVE - IT leadership services. Term: 6/7/18- 4/12/19. Amount: $725,000.",725000.0,fixed,2018-06-07,2019-04-12,withdrawn,No,,R95B9400007,0,,,2019-Jun-5-Summary.pdf,22,"Board action was 'withdrawn', not approved"
2019-03-20,Department of Information Technology,4-IT-MOD,modification,DIT,Statewide,"-- master $300,000,000. Inc. Inc. Consulting, LLC Technologies Inc. Integra Technology Inc. International Inc. Inc. Engineering & Technical Group LLC Solutions Consulting & Services, LLC Inc. a Humanim Social Tech Inc. Tech Solutions Inc. Computing Solutions Inc. Inc. Group Inc. IT Solutions LLC Matrix Technologies, Inc. Fitzgerald & Associates Advanced Technologies Inc. Ventures LLC",,,Information Technology Modification - Consulting and technical services plus (CATS+); increase funding; add 28 contractors. Term: No change. Amount:,,,,,Approved,yes,,COI06371,1,,,2019-Mar-20-Summary.pdf,9,no dollar figure on the item
2019-03-20,Department of Information Technology,7-IT-MOD,modification,DIT,Statewide,"NICUSA, Inc.",,,"Information Technology Modification - RETROACTIVE - Maryland self-funded eGovernment services; Ratify fees. Amount: $5,385,315 (8/31/11- 12/31/17) (6 yrs, 4 months/actuals [audited]); $3,355,045 (1/1/18- 12/31/18) (1 year/actuals [unaudited]); $3,000,000 (1/1/19- 8/30/19) (8 months/estimate).",5385315.0,fixed,,,withdrawn,No,,F05B9400022,0,,,2019-Mar-20-Summary.pdf,11,"Board action was 'withdrawn', not approved"
2019-03-06,Department of Information Technology,1-IT-MOD,modification,DBM,"Statewide JobAps,",Inc.,,,"Information Technology Modification - JobAps-Recruiting, applicant tracking, selection and online testing system; increase funding. Term: 3/7/19- 8/14/19. Amount: $244,000.",244000.0,fixed,2019-03-07,2019-08-14,,,,,0,,,2019-Mar-6-Summary.pdf,13,no action line found in the summary
2019-03-06,Department of Information Technology,2-IT-MOD,modification,PS,Statewide Data,"Management, Inc.",,,"Information Technology Modification - TimeClock Plus Software Program Support and related services for TimeClock Integration with WorkDay SPS; extend term one year. Term: 3/9/19- 3/8/20. Amount: $257,500.",257500.0,fixed,2019-03-09,2020-03-08,,,,,0,,,2019-Mar-6-Summary.pdf,13,no action line found in the summary
2019-03-06,Department of Information Technology,3-IT-OPT,renewal,DOT/MVA,"Statewide Mathtech,",Inc. www.bpw.maryland.gov,,,"Information Technology - Enterprise Management System Project Management Office Services; exercise option. Term: 3/11/19- 3/10/20. Amount: $2,201,873. Page 13 of 27",2201873.0,fixed,2019-03-11,2020-03-10,,,,,0,,,2019-Mar-6-Summary.pdf,13,no action line found in the summary
2019-03-06,Department of Information Technology,4-GM-OPT,renewal,DOT/SHA,"Statewide FiberGate,",Inc.,,,General Miscellaneous Option - Resource sharing agreement; exercise option. Term: 3/19/19- 3/18/29. Amount: 0.,,,2019-03-19,2029-03-18,,,,,0,,,2019-Mar-6-Summary.pdf,14,no action line found in the summary
2019-03-06,Department of Information Technology,5-GM,award,DIT,,,,,General Miscellaneous - Record correction for DoIT Item 8-IT- MOD (12/19/18).,,,,,,,,,0,,,2019-Mar-6-Summary.pdf,14,no action line found in the summary
2019-03-06,Department of Information Technology,6-IT,award,DGS,Statewide Nitor,"Partners, LLC",,,"Information Technology - eMaryland Marketplace eProcurement Solution (eMMa). Term: 3/8/19- 2/28/29. Amount: $38,166,071.",38166071.0,fixed,2019-03-08,2029-02-28,,,,,0,,,2019-Mar-6-Summary.pdf,14,no action line found in the summary
2019-03-06,Department of Information Technology,7-IT-MOD,modification,DBM,Statewide AP,"Ventures, LLC",,,"Information Technology Modification - State Personnel Systems project - Technical lead subject matter: Satish Raghavan; extend term. Term: 3/7/19- 1/31/20. Amount: $340,560.",340560.0,fixed,2019-03-07,2020-01-31,,,,,0,,,2019-Mar-6-Summary.pdf,14,no action line found in the summary
2019-03-06,Department of Information Technology,8-IT-MOD,modification,DBM,"Statewide Elicitek,",Inc.,,,"Information Technology Modification - State Personnel Systems Project - Program manager: Gagan Setia; extend term. Term: 3/7/19- 1/31/20. Amount: $333,437.",333437.0,fixed,2019-03-07,2020-01-31,,,,,0,,,2019-Mar-6-Summary.pdf,14,no action line found in the summary
2019-03-06,Department of Information Technology,9-IT-MOD,modification,DBM,Statewide Navigator,Management Partners LLC,,,"Information Technology Modification - State Personnel Systems Project - Functional lead: Lisa Liedtke; extend term. Term: 3/7/19- 1/31/20. Amount: $353,475.",353475.0,fixed,2019-03-07,2020-01-31,,,,,0,,,2019-Mar-6-Summary.pdf,14,no action line found in the summary
2019-03-06,Department of Information Technology,10-IT-MOD,modification,DBM,Statewide SK,"Net, LLC www.bpw.maryland.gov",,,"Information Technology Modification - State Personnel Systems Project - Technical Analyst: Gowri Ramanolla; extend Page 14 of 27 term. Term: 3/7/19- 1/31/20. Amount: $370,359.",370359.0,fixed,2019-03-07,2020-01-31,,,,,0,,,2019-Mar-6-Summary.pdf,14,no action line found in the summary
2019-03-06,Department of Information Technology,11-GM,award,MPT,Statewide Cellco,Partnership d/b/a Verizon,,,"General Miscellaneous - Resource Sharing Agreement - Enter into agreement for tower space in Urbana. Term: 3/19/19- 3/18/24. Revenue Amount: $324,979.",324979.0,revenue-to-state,2019-03-19,2024-03-18,,,,,0,,,2019-Mar-6-Summary.pdf,15,no action line found in the summary
2019-03-06,Department of Information Technology,12-IT-MOD,modification,DBM,Statewide CR,"Software, a wholly-owned subsidiary FICO",,,"Information Technology Modification - Central Collection Unit - Debt collection information system software; exercise option & authorize FICO consulting support. Term: 4/1/19- 3/31/20. Option Amount: $115,425. Modification Amount: $1,498,427. Total: $1,613,852.",1613852.0,fixed,2019-04-01,2020-03-31,,,,,0,,,2019-Mar-6-Summary.pdf,15,no action line found in the summary
2019-03-06,Department of Information Technology,13-IT,award,MDH,Statewide Ahlers,"& Associates, Inc.",,,"Information Technology - Prevention and Health Promotion - Commercial off-the-shelf family planning software. Term: 4/1/19- 3/31/24. Amount: $506,600.",506600.0,fixed,2019-04-01,2024-03-31,,,,,0,,,2019-Mar-6-Summary.pdf,15,no action line found in the summary
2019-03-06,Department of Information Technology,14-IT-OPT,renewal,ELECTLAW,Statewide Election,"Systems and Software, LLC",,,"Information Technology Renewal Option - Voting system solution; exercise option. Term: 4/1/19- 3/31/21. Amount: $11,398,861.",11398861.0,fixed,2019-04-01,2021-03-31,,,,,0,,,2019-Mar-6-Summary.pdf,15,no action line found in the summary
2019-03-06,Department of Information Technology,15-IT-MOD,modification,DIT,Statewide Windstream,"Services, LLC Castle Fiber, LLC (formerly Functional area Fiber Networks II) www.bpw.maryland.gov",,,Information Technology Modification - Data telecommunication services; add contractor & add functional area 4 (Commodity Internet Service Delivery) to two Master Contracts. Term: 3/7/19 - 12/31/26. Amount: No Change. 4 Page 15 of 27,,no change,2019-03-07,2026-12-31,,,,,0,,,2019-Mar-6-Summary.pdf,15,no action line found in the summary
2019-03-06,Department of Information Technology,16-IT-MOD,modification,DIT,Statewide InfoSec,Institute,,,"Information Technology Modification - Security awareness training; add additional licenses. Term: 3/7/19 - 7/3/21. Amount: $58,800.",58800.0,fixed,2019-03-07,2021-07-03,,,,,0,,,2019-Mar-6-Summary.pdf,16,no action line found in the summary
2019-03-06,Department of Information Technology,17-IT,award,EDUC,Statewide Leidos,"Digital Solutions, Inc.",,,"Information Technology - Office of the State Superintendent - IQ software - Correspondence tracking system. Term: 3/7/19- 2/28/21. Amount: $162,927.",162927.0,fixed,2019-03-07,2021-02-28,,,,,0,,,2019-Mar-6-Summary.pdf,16,no action line found in the summary
2019-05-22,Department of Information Technology,7-IT-MOD,modification,DIT,Statewide,"NICUSA, Inc.",,,"RETROACTIVE - Information Technology Modification - Provide eGovernment services and support. Ratify state-paid fees and allow agencies to continue using transaction cost service model for remainder of term. Term: No change. Amount: $11,740,360.",11740360.0,fixed,,,withdrawn,yes,,F50B940022,0,,,2019-May-22-Summary.pdf,12,"Board action was 'withdrawn', not approved"
2019-05-08,Department of Information Technology,5-IT-MOD,modification,DIT,Statewide,"BI, Inc",,,Information Technology Contract Modification - Electronic monitoring for community supervision; Correct term date. Term: 4/1/23 - 3/31/24. Amount: No change.,,no change,2023-04-01,2024-03-31,Approved,No,,COI10850,0,,,2019-May-8-Summary.pdf,17,"term-only change, no dollar figure"
2019-05-08,Department of Information Technology,7-IT,award,DOT/SHA,Baltimore Region,"StreetLight Data, Inc.",,,"Information Technology - StreetLight Insight regional subscription. Term: 5/20/19- 5/19/20. Amount: $236,137.",236137.0,fixed,2019-05-20,2020-05-19,withdrawn,No,,J02P9400028,0,,,2019-May-8-Summary.pdf,17,"Board action was 'withdrawn', not approved"
2019-11-20,Department of General Services,29-IT,award,DIT,Statewide,"-- Inc. N00B0600146 060B0600019 LLC J05B3400026 Technology Solutions J01B3400044 Technology Solutions J01B3400045 Solutions Group, Inc. J01B3400046 Technologies Corporation Q00B9400138 Technology Group, LLC 060B2490022 Industries",,,"Information Technology - Approve task order/purchase orders under previously-approved master contracts. RETROACTIVE - Core Global $78,947.70 Software Support, Maintenance and hardware warranty for the Q Flow management system. Open-source identity governance $210,827.00 platform. Obtain two highly qualified $396,756.00 Microsoft database administrators. IT systems management and $2,233,775.00 maintenance services. Extend task order term by one year. Four support resources for the $839,154.00 OTTS Data Center. Two support resources for data $826,464.00 center. Project manager for new enterprise $1,194,000.00 reource program. Verint Nextiva Video Management $789,198.00 Systems maintenance contract. Cisco networking equipment. $600,949.00",,,,,Approved,No,,,1,,,2019-Nov-20-Summary.pdf,24,no dollar figure on the item
2019-10-16,Department of General Services,3-IT,award,MDH,Statewide Conduent,State Healthcare LLC,,,"Information Technology - Provide, design, implementation, management and maintenance of a Point-of-Sale (POS) electronic claims management service. Term: 01/06/20 - 07/05/20. Amount: $41,207,922.",41207922.0,fixed,2020-01-06,2020-07-05,,,,,0,,,2019-Oct-16-Summary.pdf,9,no action line found in the summary
2019-10-16,Department of General Services,4-IT,award,DOT/MTA,Statewide ARINC,Incorporated,,,"Information Technology - Provide MDOT/MTA with software and engineering services for its Advanced Information Management (AIM) system used by Metro SubwayLink and Light RailLink Control Integration (LRCI). Term: 10/31/19 - 10/30/22. Amount: $189,571.",189571.0,fixed,2019-10-31,2022-10-30,,,,,0,,,2019-Oct-16-Summary.pdf,9,no action line found in the summary
2019-10-16,Department of General Services,5-IT,award,DIT,Worcester Crown,"Castle Fiber, LLC www.bpw.maryland.gov",,,"Information Technology - Approve resource sharing ageement with Crown Castle Fiber, Inc. for the State to receive strands of ""Dark Fiber"" in exchange for access to State rights-of-way for use and operations of its fiber optics cables. Term: 10/16/19 - 10/15/39. Amount: $0.00. Page 9 of 16",0.0,fixed,2019-10-16,2039-10-15,,,,,0,,,2019-Oct-16-Summary.pdf,9,no action line found in the summary
2019-10-16,Department of General Services,6-IT-OPT,renewal,COMP,"Statewide Mathtech,",Inc.,,,"Information Technology Option - Provide the necessary continuity of critical project management for improvements to the Business Intelligence/Data Warehouse (BI/DW). Exercise the second and final 1-year renewal option. Term: 12/23/19 - 12/22/20. Amount: $264,360.",264360.0,fixed,2019-12-23,2020-12-22,,,,,0,,,2019-Oct-16-Summary.pdf,10,no action line found in the summary
2019-10-16,Department of General Services,7-IT-OPT,renewal,COMP,Statewide Fairfax,"Imaging, Inc.",,,"Information Technology Option - Provide for implemention of Check-21 and replace existing remittance processing system. Exercise the fourth of five 1-year renewal options. Term: 11/04/19 - 11/03/20. Amount: $238,569.",238569.0,fixed,2019-11-04,2020-11-03,,,,,0,,,2019-Oct-16-Summary.pdf,10,no action line found in the summary
2019-10-16,Department of General Services,8-IT,modification,VARIOUS,Statewide --,Network Services LLC Inc. Industries Tower and Poles Technology Solutions,,,"Information Technology - Approval of four task orders under previously-approved Master Contracts. Amount: $9,631,329. Task Order Modification - Obtain two $2,027,901.00 additional Senior Net Developers and funding to support software needs of MDOT/SHA. Term: 03/01/19 - 02/27/24. Provide resources to perform system $5,793,400.00 support and maintenance for server and web-based applications for MVA. Term: 11/08/19 - 11/07/24. Georgia Avenue MDOT SHA $1,928,742.00 Communications Tower. Term: 90 days. Renewal Option - Execute the first 1- $1,810,028.00 year renewal option to provide continued security systems hardware and software maintenance. Term: 11/01/19 - 10/31/20.",9631329.0,fixed,2019-03-01,2024-02-27,,,,,0,,,2019-Oct-16-Summary.pdf,10,no action line found in the summary
2019-09-04,Department of Information Technology,4-IT-MOD,modification,DIT,Statewide,"-- Systems, Inc. Systems, LLC LLC LLC",,,"Information Technology Modification - Multiple-award, indefinite quality, task-order based Master Contract to provide Statewide Information Technical and consulting services. Add six new vendors to the CATS+ Master Contract. Term: 4/22/13 -4/21/28. No amount. MD Tax Clearance #19-1983-0111 MD Tax Clearance #19-2253-1110 MD Tax Clearance #19-2083-0111 MD Tax Clearance #19-2395-1111 MD Tax Clearance #19-2390-0000 MD Tax Clearance #19-23330110",,,2013-04-22,2028-04-21,Approved,No,19-1983-0111; 19-2253-1110; 19-2083-0111; 19-2395-1111; 19-2390-0000; 19-23330110,060B2490023,0,,,2019-Sept-4-Summary.pdf,18,no dollar figure on the item
2019-09-04,Department of Information Technology,7-IT-MOD,modification,TREAS,Statewide,A&T Systems,,,"Information Technology Modification - Provide staffing to design and implement State Treasurer's Office new financial and insurance management systems. Exercise first 1-year renewal option. Term: $628,242.",,,,,Approved,No,,E20B8400002,0,,,2019-Sept-4-Summary.pdf,19,no dollar figure on the item
2020-04-22,Department of General Services,10-IT-MOD,modification,DIT,Statewide,Deloitte Consulting LLP,,,"Information Technology Modification - Amazon web services for MDTHINK, AWS cloud-hosting platform and product support; increase contract authority to support additional work orders for AWS consumption and support. Term: 5/7/20 - 4/26/21. Amount: $48,300,000.",48300000.0,fixed,2020-05-07,2021-04-26,deferred,yes,,COI56929,0,,,2020-Apr-22-Summary.pdf,26,"Board action was 'deferred', not approved"
2020-08-12,Department of General Services,57-IT-MOD,modification,DIT,Statewide,"NICUSA, Inc.",,,"Information Technology Modification - RETROACTIVE - Self- funded eGovernment Services - Add details omitted on previously approved item (DoIT 3-IT, 8/10/11), including adding ""transaction fee"" model which allows the contractor to assess costs of transactions to the State; determination that the contract is voidable for noncompliance, rather than void. Term: (08/10/2011 - 08/30/2019). Amount: $11,347,644 (Audited Transaction Fees through 8/31/20) .",11347644.0,fixed,,,withdrawn,yes,,060B1400050,0,,,2020-Aug-12-Summary.pdf,49,"Board action was 'withdrawn', not approved"
2020-08-12,Department of General Services,58-IT-OPT,renewal,DIT,Statewide,"NICUSA, Inc.",,,"Information Technology Option - Self-funded eGovernment Services - Work-order based, single-award indefinite- quantity master contract to provide eGovernment services and support; Exercise the sole renewal option.. Term: 8/13/20 - 8/10/21. Amount: $4,500,000.",4500000.0,fixed,2020-08-13,2021-08-10,deferred,yes,,060B0600016,0,,,2020-Aug-12-Summary.pdf,49,"Board action was 'deferred', not approved"
2020-12-02,Department of General Services,23-IT,award,VARIOUS,Statewide,".. Hardware/Associated $29,420,747.",,,Information Technology - Approve eight Task Orders/Purchase Orders under previously approved Master (1) Consulting and Technical Services Plus (CATS+) and (2) Equipment & Services 2012. Amount:,,,,,Approved,No,,,0,,,2020-Dec-02-Summary.pdf,33,no dollar figure on the item
2020-02-19,Department of General Services,33-IT,award,PS,Statewide,"DataWorks Plus, LLC",,,"Information Technology - Acquire additional three million facial recognition templates. Term: 3/1/20 - 2/28/21. Amount: $180,000.",180000.0,fixed,2020-03-01,2021-02-28,withdrawn,No,,Q00B0600050,0,,,2020-Feb-19-Summary.pdf,21,"Board action was 'withdrawn', not approved"
2020-02-19,Department of General Services,37-IT,award,VARIOUS,Various,..,,,"Information Technology - Approve 12 Task/Purchase Orders under Master Contracts (1) Consulting and Technical Services Plus [CATS+] 2013, (2) Commercial Off-the-Shelf Software (COTS) 2012, (3) Hardware/Associated Equipment & Services 2012, and (4) Desktop, Laptops and Tablets 2015.",,,,,Approved,No,,,0,,,2020-Feb-19-Summary.pdf,22,no dollar figure on the item
2020-01-29,Department of Transportation,5-IT-MOD,modification,DOT/MPA,,"Krishna Tech, Inc.",,,"Information Technology Modification - Provide senior programmers to develop and maintain port operations and security systems. Add one senior programmer to roster. Term: 2/20/20 - 10/13/24. Amount: $803,100.",803100.0,fixed,2020-02-20,2024-10-13,withdrawn,No,,CO374593,0,,,2020-Jan-29-Summary.pdf,11,"Board action was 'withdrawn', not approved"
2020-01-08,Department of General Services,25-IT,award,DIT,Various,"-- Bailey Cox & Magnani, 060B2490023 Solutions Group, Inc. Technology Services, 060B2490021 Technology Services",,,"Information Technology - Approve task orders under previously-approved master contracts. Statewide GIS training program. 1- $75,000.00 year contract extension. CATS+TORFP or IT management $3,007,731.00 consulting services. Exercise first 1- year renewal. SecureAuth software $409,605.00 Desktop authority support and $204,495.00 maintenance.",,,,,Approved,No,,,0,,,2020-Jan-8-Summary.pdf,27,no dollar figure on the item
2020-01-08,Department of General Services,40-IT,award,DIT,,-- Inc. 060B2490023 LLC 060B2490023 Computer Concepts 060B5400007,,,"Information Technology - Approve task orders under previously-approved master contracts. Support resources to the SBE $6,198,640.00 divisions. Support resources to the SBE $6,797,448.00 divisions. Purchase 3,290 Fujitsu desktops. $4,069,862.00",,,,,Approved,yes,,,0,,,2020-Jan-8-Summary.pdf,30,no dollar figure on the item
2020-01-08,Department of General Services,42-IT,award,EDUC,Statewide,"Eduloka, Ltd.",,,"Information Technology - Purchase an educator Information Sysytem (EIS) for maintenance of educator certificates in the state. Term: 1/1/19 - 12/31/22. Amount: $861,875 (Implementation); $671,601 (Base).",861875.0,fixed,2019-01-01,2022-12-31,withdrawn,No,,R00B9400116,0,,,2020-Jan-8-Summary.pdf,31,"Board action was 'withdrawn', not approved"
2020-07-22,Department of General Services,26-IT,award,DGS,Statewide,".. Information Technology Multiple award, master telecommunications functional areas : (I.) Maintenance, (III.) 12/31/30. Amount: Technology Group, LLC Functional Area Communication Functional Area LLC Inc. Functional Area Box Network Services Functional Area Communications, Inc. Functional Area Industries of North Functional Area Inc. Solutions, Inc. Functional Area Design Network, LLC Functional Area Electronics Group, Inc. Functional Area Corporation Functional Area Corporation of America Functional Area Functional Area Inc. Functional Area Technology Solutions Functional Area",,,"- Public Branch Exchange (PBX) IV - contract to provide PBX equipment and related services in 3 Hardware & Software, (II.) Warranty & Time & Material Labor. Term: 1/1/21 - $70,000,000. I, II, and III I, II, and III I, II, and III I, II, and III I, II, and III I, II, and III I, II, and III I, II, and III I and III I, II, and III I, II, and III I, II, and III I, II, and III I, II, and III",,,,,Approved,No,,001B0600162,1,,,2020-Jul-22-Summary.pdf,31,no dollar figure on the item
2020-07-22,Department of General Services,28-IT-OPT,renewal,DIT,Statewide,"NICUSA, Inc.",,,"Information Technology - Maryland Self-Funded eGovernment Services Operations and Maintenance - Single- award indefinite-quantity master contract to provide eGovernment services and support; Exercise the sole renewal option for a 1-year period. Term: 8/11/20 - 8/10/21. Amount: $4,500,000.",4500000.0,fixed,2020-08-11,2021-08-10,withdrawn,No,,060B0600016,0,,,2020-Jul-22-Summary.pdf,32,"Board action was 'withdrawn', not approved"
2020-06-17,Department of General Services,25-IT-OPT,renewal,DIT,Statewide,Verizon Maryland LLC,,,Information Technology Option - Local Telecommunications - Provide local access telephone services for the State's pre-defined local access and transport areas - Exercise the second and final renewal option. Term: 7/1/20 - 6/30/21. Amount: -$0-.,-0.0,fixed,2020-07-01,2021-06-30,withdrawn,No,,COI58998,0,,,2020-Jun-17-Summary.pdf,37,"Board action was 'withdrawn', not approved"
2020-05-06,Department of General Services,33-IT-MOD,modification,MDL,Statewide,"Geographic Solutions, Inc.",,,"Information Technology Modification - Software-as-a-service for improvements to Maryland Workforce Exchange One- Stop System; Extend term and add additional option year for enhancements to the current Reemployment Exchange (REX) module. Term: 5/1/20 - 12/31/20 (REX Enhancement). 1/1/21 - 12/31/23 (Extension). Amount: $147,535 (REX Enhancement). $301,600 (Extension). Total: $449,135.",449135.0,fixed,2020-05-01,2020-12-31,withdrawn,No,,COI54983,0,,,2020-May-06-Summary.pdf,20,"Board action was 'withdrawn', not approved"
2020-11-04,Department of General Services,20-IT-MOD,modification,PS,Statewide,"Idemia Identity & Security USA, LLC",,,"Information Technology Modification - Maintenance of identity and security Livescan machines and provide eight Livescan machines - Replace seven Livescan fingerprinting machines that have reached the end of their useful life. Term: 11/19/20 - 6/14/23. Amount: $259,693.",259693.0,fixed,2020-11-19,2023-06-14,withdrawn,No,,COI83255,0,,,2020-Nov-4-Summary.pdf,22,"Board action was 'withdrawn', not approved"
2020-09-23,Department of General Services,26-IT 2.4,award,DIT,Statewide,Dell,,,Task Order - PORFP for VMware SnS software renewal.,299408.0,fixed,,,Withdrawn,No,,,0,26-IT,Sub-Item 2.4 was withdrawn at the meeting,2020-Sept-23-Summary.pdf,31,"Board action was 'Withdrawn', not approved"
2021-04-21,Department of General Services,25-IT 3.1,award,VARIOUS,Statewide,Deleted,,,"This sub-item was deleted, moved and re-numbered to Master Contract 1.0 as sub-item 1.3.",,,,,Approved,No,,,0,25-IT,,2021-APR-21-Summary.pdf,33,no dollar figure on the item
2021-04-07,Department of General Services,39-IT 1.2,award,VARIOUS,Various,"(B). Attain, LLC",,,,,,,,Approved,No,,,0,39-IT,,2021-APR-7-Summary.pdf,27,no dollar figure on the item
2021-04-07,Department of General Services,39-IT 1.2,award,VARIOUS,Various,"(C). Coresphere, LLC",,,,,,,,Approved,No,,,0,39-IT,,2021-APR-7-Summary.pdf,27,no dollar figure on the item
2021-04-07,Department of General Services,39-IT 1.2,award,VARIOUS,Various,"(D). Customer Value Partners, Inc.",,,,,,,,Approved,No,,,0,39-IT,,2021-APR-7-Summary.pdf,28,no dollar figure on the item
2021-04-07,Department of General Services,39-IT 1.2,award,VARIOUS,Various,(E). Cyquent Inc.,,,,,,,,Approved,No,,,0,39-IT,,2021-APR-7-Summary.pdf,28,no dollar figure on the item
2021-04-07,Department of General Services,39-IT 1.2,award,VARIOUS,Various,"(F). eSystems, Inc.",,,,,,,,Approved,No,,,0,39-IT,,2021-APR-7-Summary.pdf,28,no dollar figure on the item
2021-04-07,Department of General Services,39-IT 1.2,award,VARIOUS,Various,"(G). FEI.com, Inc.",,,,,,,,Approved,No,,,0,39-IT,,2021-APR-7-Summary.pdf,28,no dollar figure on the item
2021-04-07,Department of General Services,39-IT 1.2,award,VARIOUS,Various,(H). Gantech Inc.,,,,,,,,Approved,No,,,0,39-IT,,2021-APR-7-Summary.pdf,28,no dollar figure on the item
2021-04-07,Department of General Services,39-IT 1.2,award,VARIOUS,Various,(I). Innosoft Corporation,,,,,,,,Approved,No,,,0,39-IT,,2021-APR-7-Summary.pdf,28,no dollar figure on the item
2021-04-07,Department of General Services,39-IT 1.2,award,VARIOUS,Various,(J). Lochbridge,,,,,,,,Approved,No,,,0,39-IT,,2021-APR-7-Summary.pdf,28,no dollar figure on the item
2021-04-07,Department of General Services,39-IT 1.2,award,VARIOUS,Various,"(K). Nexsolv, Inc.",,,,,,,,Approved,No,,,0,39-IT,,2021-APR-7-Summary.pdf,28,no dollar figure on the item
2021-04-07,Department of General Services,39-IT 1.2,award,VARIOUS,Various,"(L). L OST, Inc.",,,,,,,,Approved,No,,,0,39-IT,,2021-APR-7-Summary.pdf,28,no dollar figure on the item
2021-04-07,Department of General Services,39-IT 1.2,award,VARIOUS,Various,"(M). Turning Point Global Solutions, LLC",,,,,,,,Approved,No,,,0,39-IT,,2021-APR-7-Summary.pdf,28,no dollar figure on the item
2021-04-07,Department of General Services,39-IT 1.2,award,VARIOUS,Various,"(N). vTech Solutions, Inc.",,,,,,,,Approved,No,,,0,39-IT,,2021-APR-7-Summary.pdf,28,no dollar figure on the item
2021-04-07,Department of General Services,39-IT 1.2,award,VARIOUS,Various,(O). GCOM Software LLC,,,(* GCOM has merged with Gantech and therefore is no longer participating),,,,,Approved,No,,,0,39-IT,,2021-APR-7-Summary.pdf,28,no dollar figure on the item
2021-04-07,Department of General Services,39-IT 1.2,award,VARIOUS,Various,(A). Artisys Corporation,,,,,,,,Approved,No,,,0,39-IT,,2021-APR-7-Summary.pdf,29,no dollar figure on the item
2021-01-27,Department of General Services,24-IT 1.3,award,DIT,Statewide,"22nd Century Technologies, Inc.",,,Oversight Program Support Services - Exercise the first of three 1-year renewal options. Term: 2/21/21 - 2/20/22.,,,2021-02-21,2022-02-20,Approved,yes,,,0,24-IT,,2021-Jan-27-Summary.pdf,28,no dollar figure on the item
2021-01-27,Department of General Services,24-IT 1.3,award,Statewide,Various,"Momentum, Inc.",,,Oversight Program Support Services - Exercise the first of three 1-year renewal options. Term: 2/21/21 - 2/20/22.,,,2021-02-21,2022-02-20,Approved,yes,,,0,24-IT,,2021-Jan-27-Summary.pdf,28,no dollar figure on the item
2021-07-07,Department of General Services,50-IT-MOD,modification,DGS,N/A,"eMaint Enterprises, LLC",,,"Information Technology Modification - eMaint Computerized Maintenance Management System (CMMS) Software - Add 11-months to the base term not properly documented for a five year base, not four on the previously approved item (DGS 37-IT, 6/16/21). Term: 7/1/21 - 6/30/26. Amount: $0 (no change).",,no change,2021-07-01,2026-06-30,Approved,yes,,001B1600418,0,,,2021-Jul-7-Summary.pdf,37,"term-only change, no dollar figure"
2021-07-07,Department of General Services,51-IT 2.1,award,DIT,Statewide,"Blackwood Associates, Inc.",,,The Splunk security information and event management platform server equipment. Term: 7/28/21 - 6/28/24.,264950.34,fixed,2021-07-28,2024-06-28,Withdrawn,No,,,0,51-IT,"Sub-Item 2.1 was withdrawn, all remaining Sub-Items",2021-Jul-7-Summary.pdf,38,"Board action was 'Withdrawn', not approved"
2021-06-02,Department of General Services,43-IT,award,DEFENDER,Statewide,"Hartman Executive Advisors, LLC",,,"Information Technology - RETROACTIVE approval for interim Chief Information Officer (CIO) services and assistance with improving and supporting the Office of the Public Defender’s overall technology operating environment. Term: 2/1/18 - 6/30/21. Amount: $1,371,825.",1371825.0,fixed,2018-02-01,2021-06-30,withdrawn,No,,C80B1600006,0,,,2021-Jun-02-Summary.pdf,30,"Board action was 'withdrawn', not approved"
2021-06-16,Department of General Services,21-IT 1.1,award,VARIOUS,Statewide,(A). Cirdan Group,,,,,,,,Approved,No,,,1,21-IT,,2021-Jun-16-Summary.pdf,27,no dollar figure on the item
2021-06-16,Department of General Services,21-IT 1.1,award,VARIOUS,Statewide,(B). CSG,,,,,,,,Approved,No,,,1,21-IT,,2021-Jun-16-Summary.pdf,28,no dollar figure on the item
2021-06-16,Department of General Services,21-IT 1.1,award,VARIOUS,Statewide,(C). Ernst & Young LLP,,,,,,,,Approved,No,,,1,21-IT,,2021-Jun-16-Summary.pdf,28,no dollar figure on the item
2021-06-16,Department of General Services,21-IT 1.1,award,VARIOUS,Statewide,(D). Gartner Inc.,,,,,,,,Approved,No,,,1,21-IT,,2021-Jun-16-Summary.pdf,28,no dollar figure on the item
2021-06-16,Department of General Services,21-IT 1.1,award,VARIOUS,Statewide,(E). KPMG LLP,,,,,,,,Approved,No,,,1,21-IT,,2021-Jun-16-Summary.pdf,28,no dollar figure on the item
2021-06-16,Department of General Services,21-IT 1.1,award,VARIOUS,Statewide,(F). Janus Associates,,,,,,,,Approved,No,,,1,21-IT,,2021-Jun-16-Summary.pdf,28,no dollar figure on the item
2021-06-16,Department of General Services,21-IT 1.1,award,VARIOUS,Statewide,(G). Maximus Human Services Inc.,,,,,,,,Approved,No,,,1,21-IT,,2021-Jun-16-Summary.pdf,28,no dollar figure on the item
2021-06-16,Department of General Services,21-IT 1.3,award,VARIOUS,Statewide,(B). Conduent,,,"($3,700,000.00)",,,,,Approved,No,,,0,21-IT,,2021-Jun-16-Summary.pdf,28,no dollar figure on the item
2021-03-10,Department of General Services,25-IT 1.3,award,DOT/SHA,Statewide,GRPA,,,Obtain 8 highly qualified technical resources to augment the MDOT SHA Database Portfolio Business Services. Term: 4/1/21 - 3/31/26.,15575040.0,fixed,2021-04-01,2026-03-31,Withdrawn,No,,,0,25-IT,"Sub Item 1.3 was withdrawn at the meeting, the",2021-Mar-10-Summary.pdf,23,"Board action was 'Withdrawn', not approved"
2021-03-24,Department of General Services,25-IT,award,DIT,Statewide,".. International, Inc. ANGARAI Information Inc. Industries d/b/a Performance Solutions Inc. Business Inc Inc. Solution, Inc.",,,"Information Technology -Award seven (7) Task Order/Purchase Order contracts under previously approved Master Contract (1.0) Consulting and Technical Services Plus (CATS+) for a ""pool"" of qualified vendors to support the Delivery Project Management Office's planning and implementation of IT projects across state agencies in three categories. 1) Program/Project Management, 2) Business Analysis, and 3) Technical Writing. Term: 4/8/21 - 4/7/24 (w/two 1-year options). Amount: $100,000,000. Category 2 Category 1 Category 1 Category 3 Categories 1 and 2 Category 3 Category 3",100000000.0,fixed,2021-04-08,2024-04-07,deferred,yes,,,1,,Motion to defer approved 3-0.,2021-Mar-24-Summary.pdf,28,"Board action was 'deferred', not approved"
2021-05-19,Department of General Services,42-IT,award,COMP,Statewide,"Teradata Government Systems, LLC",,,"Information Technology - Ongoing Teradata Tax Data Warehouse hardware and software subscription, support, and professional services. Term: 7/1/21 - 6/30/26 (w/two 1-year renewal options). Amount: $36,255,316.",36255316.0,fixed,2021-07-01,2026-06-30,withdrawn,No,,E00B1600043,0,,,2021-May-19-Summary.pdf,25,"Board action was 'withdrawn', not approved"
2021-05-19,Department of General Services,47-IT,award,VARIOUS,Various,..,,,"Information Technology - Approve the following Task Orders/Purchase Orders under previously approved Master Contracts (1.0) Consulting and Technical Services Plus - CATS+, (2.0) Commercial Off-the-Shelf Software (COTS) 2012, (3.0) Hardware/Associated Equipment & Services 2012, and (4.0) Desktop, Laptops and Tablets 2015. Amount:",,,,,Approved,No,,,0,,,2021-May-19-Summary.pdf,26,no dollar figure on the item
2021-11-03,Department of General Services,31-IT 1.2,award,EDUC,Statewide,"Gantech, Inc.",,,"RETROACTIVE - Acquire services of two full-time resources (a Sr. IT Architect Data Warehouse Data Modeler and a Project Manager) to support and maintain the Education Data Warehouse data systems - Retroactive approval to extend term and add funds. Retroactive Term: 4/1/21 - 11/17/21, Proactive Term: 11/18/21 - 3/31/22, Retroactive Amount: $510,000; Proactive Amount: $200,000",710000.0,fixed,2021-04-01,2022-03-31,Withdrawn,No,,,0,31-IT,*Sub-item 1.2 was withdrawn at the meeting revisions,2021-Nov-3-Summary.pdf,24,"Board action was 'Withdrawn', not approved"
2021-10-20,Department of General Services,31-IT,award,MDL,Statewide,"Geographic Solutions, Inc.",,,"Information Technology - Division of Workforce Development and Adult Learning - Workforce Exchange Software-As-A-Service/Workforce Solution - Expand the current system capabilities by providing a web-based, online software solution for the collection, management, and reporting of data. Term: 1/1/22 - 12/31/26 (w/two 1- year renewal options). Amount $13,768,756.",,,2022-01-01,2026-12-31,Approved,No,,P00B2600017,0,,,2021-Oct-20-Summary.pdf,27,no dollar figure on the item
2021-10-06,Department of General Services,38-IT-MOD,modification,DIT,Statewide,".. Network Inc. Development Inc. Systems, Inc. Consulting, Inc. Companies, LLC Consulting Inc. Technology LLC Trailblazers, LLC Technology Solutions, International, Inc. Management, Inc. & Associates, LLC",,,Information Technology - Consulting and Technical Services Plus (CATS+) - Add 11 contractors to the master contract and add additional functional areas to one existing master contractor. Term: 10/21/21 - 4/21/28. Amount: -0-. Add functional areas to existing contractor - Functional Area 3- Electronic Document Management; Functional Area 6 - Systems/Facilities Management and Maintenance; Functional Area 7 - Information System Security; Functional Area 10 - IT Management Consulting Services; and Functional Area 15 - Electronic Benefits Transfer,,,2021-10-21,2028-04-21,Approved,No,,,1,,,2021-Oct-6-Summary.pdf,27,no dollar figure on the item
2021-09-01,Department of General Services,47-IT-MOD,modification,DIT,Statewide,Deloitte Consulting LLP,,,"Information Technology Modification - Amazon Web Services (AWS) for MDTHINK. Includes reselling AWS cloud-hosting platform and providing product support - Increase contract authority for additional work orders and support through the end of the current renewal option; In addition, limitation of liability for the vendor is capped at $50 million. Term: 9/23/21 - 4/26/22. Amount: $8,750,000.",8750000.0,fixed,2021-09-23,2022-04-26,withdrawn,no,,COJ26509,0,,,2021-Sept-1-Summary.pdf,33,"Board action was 'withdrawn', not approved"
2021-09-15,Department of General Services,50-IT-MOD,modification,DIT,Statewide,Deloitte Consulting LLP,,,"Information Technology Modification - Amazon Web Services (AWS) for MDTHINK, including reselling AWS cloud-hosting platform and providing product support - Increase contract authority for additional work orders and support. In addition, limitation of liability for the vendor is capped at $50 million. Term: 9/23/21 - 4/26/22. Amount: $8,750,000.",8750000.0,fixed,2021-09-23,2022-04-26,deferred,yes,,COJ26509,0,,,2021-Sept-15-Summary.pdf,33,"Board action was 'deferred', not approved"
2021-09-15,Department of General Services,51-IT 5.1,award,DOT/SHA,Various,Leading Technology Solutions Inc.,,,"Master Contract to supply and install conduit and fiber optic cable, in various locations (SEE ITEM), to support phone and internet communications systems for emergency preparedness services, connecting Maryland First Radio System, Network Maryland, and SHA shops to the MDOT Network. Term: 10/7/21 with a 40-day job duration. Base Amount: $249,877, Contingency for rock drilling, if necessary: $52,000",301877.0,fixed,,,Withdrawn,yes,,,0,51-IT,*Sub-item 5.1 was withdrawn at the meeting; all,2021-Sept-15-Summary.pdf,35,"Board action was 'Withdrawn', not approved"
2022-04-27,Department of General Services,44-IT-MOD,modification,DGS,Statewide,"T-Mobile USA, Inc.",,,Information Technology Modification - Wireless Voice Data & Accessories - Add additional category to address a capability issue due to the replacement of Sprint's Datalink portal with T-Mobile's Control Center after the T- Mobile and Sprint merger. Term: No additional time required. Amount: -0-.,,,,,Approved,No,,001B1600087,0,,,2022-Apr-27-Summary.pdf,35,no dollar figure on the item
2022-04-27,Department of General Services,48-IT-MOD,modification,DOT/MTA,Statewide,"Trapeze Software Group, Inc.",,,"Information Technology Modification - Create unified on- board Intelligent Transportation System architecture for MDOT MTA’s fleet and upgrade and replace outdated servers, workstations, and printers in the Bus Operations Control Center - Add and execute a two-year Maintenance & Warranty Service period with one 3-year renewal option as documented in the original contract (Orig. item DoIT 9- IT approved 4/26/17 BPW) and reduce the bonds. Term: 4/28/22 - 4/27/24 (w/one 3-year renewal option). Amount: -0-.",,,2022-04-28,2024-04-27,withdrawn,No,,COJ49710,0,,,2022-Apr-27-Summary.pdf,36,"Board action was 'withdrawn', not approved"
2022-04-27,Department of General Services,49-IT 3.3,award,VARIOUS,Statewide,Intentionally Blank,,,,,,,,approved,yes,,,0,49-IT,"Sub item 1.1: Approved 2-1, Comptroller voted No",2022-Apr-27-Summary.pdf,39,no dollar figure on the item
2022-08-10,Department of General Services,30-IT 2.2,award,DOT,Statewide,DSI Tech,,,"Renewal of maintenance and support for Rocket Software Mobius View, a document management system that houses RSTARS and EPICS, formerly ADPICS mainframe reports. Term: Anticipated Delivery Date - 8/26/22",1830932.6,fixed,,,Withdrawn,No,,,0,30-IT,Sub-Item 2.2 was withdrawn at the meeting. revisions,2022-Aug-10-Summary.pdf,29,"Board action was 'Withdrawn', not approved"
2022-12-21,Department of Transportation,2-IT-MOD,modification,DOT/MPA,Statewide,"Client Network Services, LLC",,,"Information Technology Modification - IT Database Management Support - Correct clerical error in previously approved BPW Item (DOT 29-IT, 12/19/18) where the term was presented for four years and should have been a five year term. Term: 1/3/19 - 1/2/24. Amount: No change (approved as $897,907).",,no change,2019-01-03,2024-01-02,Approved,No,,CO403578,0,,,2022-Dec-21-Summary.pdf,16,"term-only change, no dollar figure"
2022-12-21,Department of General Services,56-IT-MOD,modification,MDH,Statewide,"Digital Management, LLC",,,"Information Technology Modification - Implement new COVID-19 Vaccine call center - Extend the term to continue services during the winter to address any COVID- 19 surges. Term: 2/1/23 - 4/28/23. Amount; $5,000,000.",,,2023-02-01,2023-04-28,Approved,No,,COJ85245,0,,,2022-Dec-21-Summary.pdf,37,no dollar figure on the item
2022-12-07,Department of General Services,46-IT 1.2,award,DOHR,Statewide,".. 1.2A Artisys Corporation 1.2B Attain Partners 1.2C CoreSphere, LLC 1.2D Cyquent Inc. 1.2E eSystems, Inc. 1.2F FEI.com, Inc. 1.2G GANTECH Inc. 1.2H Innosoft Corporation 1.2I Lochbridge 1.2J NexSolv, Inc. 1.2K OST, Inc. 1.2L Turning Point Global Solutions, LLC 1.2M vTech Solutions, Inc.",,,"Agile development resources to build the MD THINK infrastructure/platform, applications, data repositories, reports and dashboards and support activities - Extend the contract to allow time to complete new procurement and add funding. Term: 5/8/23 - 5/7/24",150000000.0,fixed,2023-05-08,2024-05-07,Withdrawn,No,,,1,46-IT,Sub-item 1.2 was withdrawn at the meeting; All,2022-Dec-7-Summary.pdf,35,"Board action was 'Withdrawn', not approved"
2022-07-27,Department of General Services,26-IT,award,DOT/MVA,Statewide,"Thales DIS USA, Inc.",,,"Information Technology - Purchase new Card Delivery System and printer for Driver's License and Identification System mail operations. Term: 8/11/22 - 8/10/23. Amount: $645,494.",645494.0,fixed,2022-08-11,2023-08-10,withdrawn,No,,J04B2600019,0,,,2022-Jul-27-Summary.pdf,24,"Board action was 'withdrawn', not approved"
2022-07-27,Department of General Services,32-IT-MOD,modification,DIT,Statewide,".. Consulting Group, LLC Solutions Company LLC",,,"Information Technology Modification - Multiple awards, indefinite quantity, task order-based Master Contract to provide Information Technology technical and consulting services for 17 functional areas - Add two master contractors to the approved list of service providers and add one functional area to one existing master contractor. Term: 8/11/22 - 4/21/28. Amount: -0-. Functional Area 8 - Application Service Provider added",,,2022-08-11,2028-04-21,withdrawn,No,,060B0610032,0,,,2022-Jul-27-Summary.pdf,26,"Board action was 'withdrawn', not approved"
2022-07-06,Department of General Services,17-IT,award,MDH,Statewide,"CE Broker, Inc.",,,"Information Technology - Board of Nursing - Web-based Continuing Education Management for Board of Nursing license and certificate holders. Term: 8/1/22 - 6/30/24. Amount: $245,287.",245287.0,fixed,2022-08-01,2024-06-30,withdrawn,No,,M00B3600017,0,,,2022-Jul-6-Summary.pdf,23,"Board action was 'withdrawn', not approved"
2022-03-09,Department of General Services,30-IT,award,PS,Statewide,911 Security,,,"Information Technology - Detection system providing security against drones and Unmanned Aerial Vehicle (UAV) systems that may approach and enter DPSCS facility properties. Term: 3/24/22 - 3/23/27. Amount: NTE $8,400,000.",8400000.0,not-to-exceed,2022-03-24,2027-03-23,withdrawn,No,,Q00B2600053,0,,,2022-Mar-9-Summary.pdf,27,"Board action was 'withdrawn', not approved"
2022-05-11,Department of General Services,41-IT,award,VARIOUS,Statewide,.. (7.0) Amount:,,,"Information Technology - Approve ten (10) Task Orders/Purchase Orders under previously approved Master Contracts: (1.0) Consulting and Technical Services Plus (CATS+), (2.0) Delivery Program Management Services, (3.0) Commercial Off-the-Shelf Software (COTS) 2012, (4.0) Desktop, Laptops and Tablets 2015, (5.0) Hardware/Associated Equipment & Services 2012, (6.0) Cable & Wiring Materials & Services Outside Plant, and Radio Communications Master Contract 2018. $15,861,075.",,,,,Approved,No,,,0,,,2022-May-11-Summary.pdf,29,no dollar figure on the item
2022-05-11,Department of General Services,52-IT,award,DIT,Statewide,Carahsoft Technology Corporation,,,"Information Technology - Cloud Solutions (NASPO Contract) - Provide Okta product and services. Term: 5/16/22 - 6/30/23 (w/two 1-year renewal options). Amount: $10,000,000.",10000000.0,fixed,2022-05-16,2023-06-30,withdrawn,No,,F50B2600050,0,,,2022-May-11-Summary.pdf,36,"Board action was 'withdrawn', not approved"
2022-09-14,Department of General Services,33-IT-MOD,modification,EDUC,Statewide,The Canton Group,,,"Information Technology Modification - Division of Assessment, Accountability and Performance Reporting - Support and Maintenance for MDK12 and Report Card Websites - Extend term to resolve protest on the new contract. Term: 10/1/22 - 9/30/23. Amount: $1,050,742.",1050742.0,fixed,2022-10-01,2023-09-30,withdrawn,No,,COJ72033,0,,,2022-Sep-14-Summary.pdf,26,"Board action was 'withdrawn', not approved"
2023-12-13,Department of Transportation,4-IT-MOD,modification,DOT/MPA,Statewide Client,"Network Services, LLC",,,"Information Technology Modification - One database management support resource, and additional as needed, to maintain the Port Operations and Security System and other IT projects - Modify to extend term for six months to complete new procurement. Term: 1/3/24 - 6/6/24. Amount: $190,349.",190349.0,fixed,2024-01-03,2024-06-06,,,,,0,,,2023-Dec-13-Summary.pdf,9,no action line found in the summary
2023-12-13,Department of General Services,31-IT,award,MPT,Statewide Media,"Management, LLC",,,"Information Technology - Master Control Operations. Term: 12/14/23 - 12/13/28 (w/two 1-year renewal options). Amount: $922,653.",922653.0,fixed,2023-12-14,2028-12-13,,,,,0,,,2023-Dec-13-Summary.pdf,18,no action line found in the summary
2023-12-13,Department of General Services,32-IT,award,COMP,Statewide IBM,Corporation,,,"Information Technology - Mainframe technical support identified as IBM Service Extension for zOS Software Defect Support. Term: 1/1/24 - 12/31/24. Amount: $183,897.",183897.0,fixed,2024-01-01,2024-12-31,,,,,0,,,2023-Dec-13-Summary.pdf,18,no action line found in the summary
2023-12-13,Department of General Services,33-IT,award,COMP,"Statewide Gantech,",Inc. www.bpw.maryland.gov,,,"Information Technology - Legacy Systems Support and the new tax system under development. Term: 1/7/24 - 1/6/27. Page 18 of 26 Amount: $19,074,469.",19074469.0,fixed,2024-01-07,2027-01-06,,,,,0,,,2023-Dec-13-Summary.pdf,18,no action line found in the summary
2023-12-13,Department of General Services,34-IT,award,COMP,"Statewide CA,",Inc.,,,"Information Technology - Mainframe Software Licenses and Support. Term: 12/31/23 - 12/30/26. Amount: $9,402,649.",9402649.0,fixed,2023-12-31,2026-12-30,,,,,0,,,2023-Dec-13-Summary.pdf,19,no action line found in the summary
2023-12-13,Department of General Services,35-IT,award,DBM,Statewide Performa,"Software USA, Inc.",,,"Information Technology - Enterprise Budget System Budget System Maintenance. Term: 12/14/23 - 9/30/26. Amount: NTE $7,559,720.",7559720.0,not-to-exceed,2023-12-14,2026-09-30,,,,,0,,,2023-Dec-13-Summary.pdf,19,no action line found in the summary
2023-12-13,Department of General Services,36-IT,award,PS,Statewide Mi-Case,"PA, Inc.",,,"Information Technology - Offender Case Management System (OCMS) Maintenance and Technical Support Services. Term: 1/1/24 - 12/31/31. Amount: $21,450,346.",21450346.0,fixed,2024-01-01,2031-12-31,,,,,0,,,2023-Dec-13-Summary.pdf,19,no action line found in the summary
2023-12-13,Department of General Services,37-IT,award,EDUC,"Statewide Serigor,",Inc.,,,"Information Technology - New audit information management system. Term: 12/14/23 - 12/14/26 (w/two 1-year renewal options). Amount: NTE $265,366.",265366.0,not-to-exceed,2023-12-14,2026-12-14,,,,,0,,,2023-Dec-13-Summary.pdf,19,no action line found in the summary
2023-12-13,Department of General Services,38-IT,award,EDUC,Statewide Global,"Solutions Group, Inc.",,,"Information Technology - New Paperless enterprise document management system. Term: 12/14/23 - 12/14/26 (w/two 1- year renewal options). Amount: NTE $186,350.",186350.0,not-to-exceed,2023-12-14,2026-12-14,,,,,0,,,2023-Dec-13-Summary.pdf,19,no action line found in the summary
2023-12-13,Department of General Services,39-IT,award,MSP,"Statewide Axnes,",Inc. www.bpw.maryland.gov,,,"Information Technology - Aviation Command - Purchase Polycom Next Generation (PNG) Wireless Intercom Extension Systems used to enhance wireless communications in the AW139 Helicopters. Term: 12/20/23 - 6/30/24. Amount: $303,555. Page 19 of 26",303555.0,fixed,2023-12-20,2024-06-30,,,,,0,,,2023-Dec-13-Summary.pdf,19,no action line found in the summary
2023-12-13,Department of General Services,40-IT,award,MSP,Statewide Chelton,"Avionics, Inc. d/b/a Canyon",,,"Information Technology - Aviation Command - Upgrade Helicopter Radios. Term: Anticipated delivery - 12/31/24. Amount: $2,499,778.",2499778.0,fixed,,,,,,,0,,,2023-Dec-13-Summary.pdf,20,no action line found in the summary
2023-12-13,Department of General Services,41-IT-OPT,renewal,DBM/OPSB,Statewide Oakland,"Consulting Group, Inc.",,,"Information Technology Renewal Option - Statewide Personnel System Software - Exercise final renewal option. Term: 12/18/23 - 12/17/28. Amount: $31,222,000.",31222000.0,fixed,2023-12-18,2028-12-17,,,,,0,,,2023-Dec-13-Summary.pdf,20,no action line found in the summary
2023-12-13,Department of General Services,42-IT-MOD,modification,DIT,Statewide ..,"Axis Solutions, LLC Technologies, LLC IT, Inc. Group, Inc. Tech, LLC IT Solutions, Inc. LLC",,,"Information Technology Modification - Consulting and Technical Services Plus (CATS+) - Multiple-award, indefinite quantity, task order based Master Contract to provide Statewide Information Technology technical and consulting services in 17 functional areas - Modify to add 7 master contractors. Term: 1/4/24 - 4/21/28. Amount: $0.",0.0,fixed,2024-01-04,2028-04-21,,,,,0,,,2023-Dec-13-Summary.pdf,20,no action line found in the summary
2023-12-13,Department of General Services,43-IT,award,DGS,Various ..,www.bpw.maryland.gov,,,"Information Technology - Approve five Task Order/Purchase Order contracts under previously approved Master Contracts: (1.0) Agile Team Resources, (2.0) Commercial Off-the-Shelf Software (COTS) 2012; (3.0) Desktop, Laptops and Tablets 2015; and (4.0) Public Branch Exchange (PBX) IV Telecommunications Equipment and Services. Amount: $8,870,453. Page 20 of 26",8870453.0,fixed,,,,,,,0,,,2023-Dec-13-Summary.pdf,20,no action line found in the summary
2023-12-13,Department of General Services,43-IT 1.1,award,MSP,Various ..,..,,,"Five resources to support State Police Electronic Services Division (ESD), including support for In-Car Computers, In-Car Cameras, and Body Worn Cameras. Term: 12/14/23 - 12/13/25 (w/two 1-year renewal options).",,,2023-12-14,2025-12-13,,,,,1,43-IT,,2023-Dec-13-Summary.pdf,21,no action line found in the summary
2023-12-13,Department of General Services,43-IT 1.1,award,DGS,Various ..,"(A) Turning Point Global Solutions, LLC",,,Systems Administrator,408680.0,fixed,,,,,,,1,43-IT,,2023-Dec-13-Summary.pdf,21,no action line found in the summary
2023-12-13,Department of General Services,43-IT 1.1,award,DGS,Various ..,"(B) OST Global, Inc.",,,Network Administrator,244000.0,fixed,,,,,,,1,43-IT,,2023-Dec-13-Summary.pdf,21,no action line found in the summary
2023-12-13,Department of General Services,43-IT 1.1,award,DGS,Various ..,(C) DMI,,,Computer System Security Specialist,381520.0,fixed,,,,,,,1,43-IT,,2023-Dec-13-Summary.pdf,21,no action line found in the summary
2023-12-13,Department of General Services,43-IT 1.1,award,DGS,Various ..,(D) Innosoft Corporation,,,Computer System Analyst (Jr.),320000.0,fixed,,,,,,,1,43-IT,,2023-Dec-13-Summary.pdf,21,no action line found in the summary
2023-12-13,Department of General Services,43-IT 1.1,award,DGS,Various ..,(E) DMI,,,Computer Specialist,230200.0,fixed,,,,,,,1,43-IT,,2023-Dec-13-Summary.pdf,21,no action line found in the summary
2023-12-13,Department of General Services,43-IT 2.1,award,Statewide,Various ..,Software Productivity Strategists,,,EDB Postgres Database Management System. Term: 12/30/23 - 12/29/24.,261020.0,fixed,2023-12-30,2024-12-29,,,,,0,43-IT,,2023-Dec-13-Summary.pdf,21,no action line found in the summary
2023-12-13,Department of General Services,43-IT 3.1,award,DOT/MVA,Statewide,"DSR, Inc.",,,Purchase 200 HP Laptops. Term: Anticipated delivery - 1/24/24.,265800.0,fixed,,,,,,,0,43-IT,,2023-Dec-13-Summary.pdf,21,no action line found in the summary
2023-12-13,Department of General Services,43-IT 4.1,award,Statewide,Various ..,"Skyline Technology Solutions, LLC",,,Telecommunications maintenance services Cisco Statewide telephone network. Term: 1/1/24 - 12/31/24 (w/two 1-year renewal options).,857544.0,fixed,2024-01-01,2024-12-31,,,,,0,43-IT,,2023-Dec-13-Summary.pdf,21,no action line found in the summary
2023-12-13,Department of General Services,43-IT 4.2,award,DIT,Statewide,Advanced Computer Concepts,,,Maintenance services and support for the PBX and VoIP systems for telephone services to various State agencies. Term: 1/1/24 - 6/30/27.,5901679.28,fixed,2024-01-01,2027-06-30,,,,,0,43-IT,,2023-Dec-13-Summary.pdf,21,no action line found in the summary
2023-12-13,Department of General Services,57-IT,award,MCA,Statewide iCUBE,"Systems, Inc.",,,"Information Technology - Maryland Cannabis Commission - System Engineer to provide support to the Patient Licensing System and METRC application. Term: 1/4/24 - 12/31/25 (w/one 1-year renewal option). Amount: NTE $239,200.",239200.0,not-to-exceed,2024-01-04,2025-12-31,,,,,0,,,2023-Dec-13-Summary.pdf,24,no action line found in the summary
2023-12-13,Department of General Services,58-IT,award,DGS,Statewide NIC,"USA, Inc.",,,"Information Technology - Self-Funded eGovernment Services, including hosting of eGov applications for use by multiple agencies. Term: 1/4/24 - 12/31/28 (w/one 5-year renewal option). Estimated Amount: $18,173,076.",18173076.0,estimated,2024-01-04,2028-12-31,,,,,0,,,2023-Dec-13-Summary.pdf,24,no action line found in the summary
2023-12-13,Department of General Services,62-IT-MOD,modification,DIT,"Statewide Granicus,",LLC (GovDelivery) www.bpw.maryland.gov,,,"Information Technology - RETROACTIVE - Digital Communications Management - (1) Retroactive approval to add the Communications Cloud Advance Package for SMS messaging. Retroactive Term: 3/11/20 - 12/31/23. Amount: $197,993.09; Proactive Term: 12/14/23 - 5/14/25. Amount: $233,085; and (2) Exercise the third renewal option. Term: 5/15/24 - 5/14/25. Amount: $201,673. Total Amount: $632,751. Page 26 of 26",632751.0,fixed,2020-03-11,2025-05-14,,,,,0,,,2023-Dec-13-Summary.pdf,26,no action line found in the summary
2023-01-25,Department of General Services,49-IT 2.1,award,DIT,Various,".. 2.1A Creative Information Technology, Inc. 2.1B Navitas Business Consulting",,,"Two contract awards under one task order for One Senior Project Manager and one Scrum Master to oversee and direct the Department of State Police, Computer Aided Dispatch/Records Management System project team and responsible for the day-to-day operations of the agile development teams and projects. Senior Project Manager. Term: $483,840.00 1/30/23 - 1/29/25 (w/two 1-year renewal options) Scrum Master - Term: 1/30/23 - $409,449.60 1/29/25 (w/two 1-year renewal options)",,,,,Approved,No,,,0,49-IT,,2023-Jan-25-Summary.pdf,25,no dollar figure on the item
2023-07-05,Department of General Services,38-IT 2.2,award,MSP,Statewide,.. 2.2(1) Innosoft Corporation 2.2(2) OST Inc. 2.2(1-A) Tetrus Corporation 2.2(1-B) Tetrus Corporation,,,"Four Resources to work with MSP IT Division to enhance the Delta Plus System. Term: 7/10/23 - 7/9/26 (w/two 1-year renewal options). Database Management Specialist $678,000.00 (Senior) Application Development Expert $570,000.00 Position #2 Application Development Expert $630,000.00 Position #1 Quality Assurance Consultant Sr. $510,000.00 Position",,,2023-07-10,2026-07-09,Approved,No,,,0,38-IT,,2023-Jul-5-Summary.pdf,27,no dollar figure on the item
2023-06-21,Department of General Services,24-IT-OPT,renewal,MDL,Statewide,"Sagitec Solutions, LLC",,,"Information Technology Renewal Option - Division of Unemployment Insurance - IT Modernization Project: Design, develop, and implement a core Unemployment Insurance system to replace existing legacy UI systems in Maryland and West Virginia - Exercise renewal option. Amount: $5,897,200.",5897200.0,fixed,,,withdrawn,No,,P00B6400009,0,,,2023-Jun-21-Summary.pdf,28,"Board action was 'withdrawn', not approved"
2023-06-21,Department of General Services,29-IT 1.1,modification,DOT/MVA,Various,Custom Software Systems Inc.,,,Modification - MVA Web Focus Support - Extend term to complete a new procurement. Term: 11/27/23 - 5/26/25.,1093129.72,fixed,2023-11-27,2025-05-26,Withdrawn,No,,COJ91363,1,29-IT,Sub-item 1.1 was withdrawn; All remaining sub-items,2023-Jun-21-Summary.pdf,29,"Board action was 'Withdrawn', not approved"
2023-03-01,Department of General Services,30-IT 3.1,award,DIT,Statewide,"GANTECH, Inc.",,,"Maryland State Police Licensing Portal Project - Four resources to work with the Licensing Division and IT Division, providing custom applications. Term: 3/2/23 - 3/1/25 (w/two 1-year renewal options).",1670240.0,fixed,2023-03-02,2025-03-01,Withdrawn,no,,,0,30-IT,*Sub-Item 3.1 was withdrawn; All remaining sub-items,2023-Mar-01-Summary.pdf,24,"Board action was 'Withdrawn', not approved"
2023-03-15,Department of General Services,36-IT-MOD,modification,DIT,Statewide,Verizon Maryland LLC,,,"Information Technology Modification - Local telecommunications services for State offices that are available for use by all executive branch State agencies and includes all local network lines and local calls - Modify to Extend the contract to complete the new procurement. Term: 3/31/23 - 12/31/23. Amount: $4,000,000.",4000000.0,fixed,2023-03-31,2023-12-31,withdrawn,No,,COJ92994,0,,,2023-Mar-15-Summary.pdf,26,"Board action was 'withdrawn', not approved"
2023-05-17,Department of General Services,41-IT 3.1,award,MSP,Various,".. 3.1(a) Momentum, Inc. 3.1(b) Turning Point Global Solution 3.1.. 3.1..",,,"One Senior Database Management Specialist and two Systems Administrators to support Law Enforcement agencies with the use of the Computer Aided Dispatch (CAD), Records Management System (RMS) and mobile systems through a centralized help desk and site visits. Term: 5/22/23 - 5/21/25 (w/two 1-year renewal options). Systems Administrators $1,308,000.00 Database Management Specialist $612,000.00 (Senior)",,,2023-05-22,2025-05-21,Approved,No,,,0,41-IT,,2023-May-17-Summary.pdf,28,no dollar figure on the item
2023-05-17,Department of General Services,41-IT 1.2,renewal,PS,Various,".. 1.2(a) Gantech, Inc. 1.2(b) Conduent State & Local Solutions, Inc.",,,"Renewal Option - IT resources on an as-needed basis - Exercise first renewal option. Term: 6/1/23 - 11/30/23. $2,375,000.00 $2,375,000.00",,,2023-06-01,2023-11-30,Approved,No,,,0,41-IT,,2023-May-17-Summary.pdf,28,no dollar figure on the item
2023-11-29,Department of General Services,47-IT,award,DGS,Statewide,"NICUSA, Inc.",,,"Information Technology - Self-Funded eGovernment Services, including hosting of eGov applications for use by multiple agencies. Term: 11/30/23 - 12/31/28 (w/one 5- year renewal option). Estimated Amount: $18,173,076.",18173076.0,estimated,2023-11-30,2028-12-31,withdrawn,No,,001B1600434,0,,,2023-Nov-29-Summary.pdf,29,"Board action was 'withdrawn', not approved"
2023-10-04,Department of General Services,23-IT 2.1,award,DOHR,Statewide,4A Consulting,,,"Eight resources to develop, enhance, maintain, and support IT needs.",,,,,Approved,No,,F50B2600034,0,23-IT,,2023-Oct-4-Summary.pdf,27,no dollar figure on the item
2023-10-04,Department of General Services,23-IT 2.2,award,EDUC,Statewide,"..Various 2.2. (A) Gantech, Inc. 2.2. (B) Gantech, Inc. 2.2. (C) Momentum Inc. 2.2. (D) Gantech, Inc. 2.2. (E) Gantech, Inc. 2.2. (F) Gantech, Inc.",,,"Six Resources to manage information systems that collect data from Local Education Agencies required for funding decisions and performance management. 1. Project Manager. Term: $427,680.00 10/5/23 - 10/4/25 (w/two 1-year renewal options). 2. Quality Assurance. Term: $380,160.00 10/5/23 - 10/4/25 (w/two 1-year renewal options). 3. Database Management $403,920.00 Specialist. Term: 10/5/23 - 10/4/25 (w/two 1-year renewal options). 4. Application Developer (Position $502,920.00 1). Term: 10/5/23 - 10/4/25 (w/two 1-year renewal options). 5. Application Developer (Position $502,920.00 2). Term: 10/5/23 - 10/4/25 (w/two 1-year renewal options). 6. Application Developer (Position $502,920.00 2). Term: 10/5/23 - 10/4/25 (w/two 1-year renewal options).",,,2023-10-05,2025-10-04,Approved,No,,F50B2600034,1,23-IT,,2023-Oct-4-Summary.pdf,27,no dollar figure on the item
2024-08-07,Department of General Services,35-IT 2.2,award,DOHR,Statewide,Carahsoft Technology Corporation,,,"RETROACTIVE - New Relic Software. Retroactive Term: 6/30/23 - 8/7/24. $1,531,733.92; Proactive Term: 8/8/24 - 6/29/25. Amount: $1,293,505.08.",2825239.0,fixed,2023-06-30,2025-06-29,Withdrawn,No,,,0,35-IT,Sub-Item 2.2 was withdrawn at the meeting. The,2024-Aug-7-Summary.pdf,29,"Board action was 'Withdrawn', not approved"
2024-12-18,Department of General Services,25-IT 5.1,renewal,DOT/SHA,Statewide,"Skyline Technology Solutions, LLC",,,Renewal Option - Telecommunications maintenance services for Cisco telephone network at 37 facilities statewide - Exercise the 1st renewal option. Term: 1/1/25 - 12/31/25.,836462.0,fixed,2025-01-01,2025-12-31,Withdrawn,No,,COK75473,0,25-IT,Sub-Item 5.1 was withdrawn at the meeting. revisions,2024-Dec-18-Summary.pdf,37,"Board action was 'Withdrawn', not approved"
2024-12-18,Department of General Services,41-IT,award,MDH,Statewide,"DentaQuest of Maryland, LLC",,,"Information Technology - Medicaid Dental Benefits Administrator. Term: 1/1/25 - 12/31/27 (w/three 1-year renewal options). Amount: $20,987,525.",20987525.0,fixed,2025-01-01,2027-12-31,withdrawn,No,,M00B5600301,0,,,2024-Dec-18-Summary.pdf,42,"Board action was 'withdrawn', not approved"
2024-12-04,Department of General Services,18-IT 4.1,award,RETAGCY,Statewide,..,,,Eight resources for major business operations re-engineering projects and completing the creation of core software components and a technology framework to support many process changes. Term: 1/1/24 - 12/31/25 (w/one 1-year renewal option and one 3-month renewal option).,,,2024-01-01,2025-12-31,Approved,No,,,0,18-IT,,2024-Dec-4-Summary.pdf,18,no dollar figure on the item
2024-12-04,Department of General Services,26-IT,award,DGS,Baltimore City,One South Street Baltimore LLC,,,"Tenant Lease - Office w/ client interaction (134,687 sq. ft.) - Approve a new lease for DGS Offices (1 South St., Baltimore). Term: 10/1/25 - 9/30/40 (w/one 5-year renewal option). Annual Rent: $3,086,577.",,,2025-10-01,2040-09-30,Approved,No,,,0,,,2024-Dec-4-Summary.pdf,21,no dollar figure on the item
2024-12-04,Department of General Services,27-IT 1.1,award,SUP,DIT Statewide,..,,,Two Local Cybersecurity Coordinators to support various IT Projects.,,,,,Approved,No,,F50P5600007,1,27-IT,,2024-Dec-4-Summary.pdf,21,no dollar figure on the item
2024-12-04,Department of General Services,27-IT 1.2,award,DIT,Statewide,..,,,15 Information Security Officers Subject Matter Experts to support coordinating the implementation of centrally provided cyber security services.,,,,,Approved,No,,,0,27-IT,,2024-Dec-4-Summary.pdf,21,no dollar figure on the item
2024-01-17,Department of General Services,25-IT,award,DIT,Statewide,Carahsoft Technology Corp.,,,"Information Technology - Mass communication platform and professional services to deliver information/messaging to agencies, employees, contractors, and the public. Term: 1/18/24 - 9/15/26. Amount: $881,707.",881707.0,fixed,2024-01-18,2026-09-15,withdrawn,No,,F50B4600021,0,,,2024-Jan-17-Summary.pdf,17,"Board action was 'withdrawn', not approved"
2024-01-03,Department of General Services,36-IT,award,MCA,Statewide,iCube Systems Inc.,,,"Information Technology - Cannabis Administration Patient Licensing System Support Services System Engineer to provide consultant services to support the Registration System and METRC application. Term: 1/4/24 - 12/31/25 (w/one 1-year renewal option). Amount: NTE $239,200.",239200.0,not-to-exceed,2024-01-04,2025-12-31,withdrawn,No,,M00B4600441,0,,,2024-Jan-3-Summary.pdf,29,"Board action was 'withdrawn', not approved"
2024-01-31,Department of Transportation,5-IT-OPTMOD,modification,DOT/MPA,Statewide,"Advanced Analytical Systems, Inc.",,,"Information Technology Renewal Option/Modification - Programming Support Services - (1) Exercise the sole renewal option. Term: 10/1/24 - 9/30/29. Amount: $3,903,687; and (2) Modify to Add three resources: one senior programmer and two database administrators. Term: 2/15/24 - 9/30/29. Amount: $371,840. Total Amount: $4,275,527.",4275527.0,fixed,2024-10-01,2029-09-30,withdrawn,No,,CO4133586,0,,,2024-Jan-31-Summary.pdf,7,"Board action was 'withdrawn', not approved"
2024-06-05,Department of General Services,58-IT-MOD,modification,DBM,Statewide,"Performa Software USA, Inc.",,,"Information Technology Modification - Expand the BARS software with capital budget functionality - Modification to correct contract term on previously approved BPW Item (DGS 68-IT, 4/3/24), which incorrectly stated the term as 4/4/24 - 9/30/26. The correct term is 4/4/24 - 12/31/26. Amount: No change.",,no change,,,Approved,No,,F10B4600013,0,,,2024-Jun-5-Summary.pdf,38,"term-only change, no dollar figure"
2024-06-05,Department of General Services,66-IT 1.4,award,DAAT,Statewide,..,,,Maryland Business Entity System (MBES) - Award three (3) contracts for the conversion to a cloud-based platform. Term: 7/1/24 - 12/31/24.,1329726.0,fixed,2024-07-01,2024-12-31,Withdrawn,No,,E50B1600005,0,66-IT,*Sub-Item 1.4 was withdrawn at the meeting. All,2024-Jun-5-Summary.pdf,40,"Board action was 'Withdrawn', not approved"
2024-06-05,Department of General Services,66-IT 1.4,award,DGS,Various,(1) ADITI LLC,,,,,,,,Withdrawn,No,,,0,66-IT,*Sub-Item 1.4 was withdrawn at the meeting. All,2024-Jun-5-Summary.pdf,42,"Board action was 'Withdrawn', not approved"
2024-06-05,Department of General Services,66-IT 1.4,award,DGS,Various,(2) Serigor Inc.,,,,,,,,Withdrawn,No,,,0,66-IT,*Sub-Item 1.4 was withdrawn at the meeting. All,2024-Jun-5-Summary.pdf,42,"Board action was 'Withdrawn', not approved"
2024-06-05,Department of General Services,66-IT 1.4,award,DGS,Various,"(3) Select Computing, Inc.",,,,,,,,Withdrawn,No,,,0,66-IT,*Sub-Item 1.4 was withdrawn at the meeting. All,2024-Jun-5-Summary.pdf,42,"Board action was 'Withdrawn', not approved"
2024-05-01,Department of General Services,19-IT 1.2,award,DIT,Statewide,"Momentum, Inc.",,,Technical writer. Term: 5/20/24 - 5/19/25 (w/two 1-year renewal options).,182160.0,fixed,2024-05-20,2025-05-19,Withdrawn,No,,,0,19-IT,"Sub-item 1.2 was withdrawn at the meeting, all",2024-May-1-Summary.pdf,19,"Board action was 'Withdrawn', not approved"
2024-11-20,Department of General Services,37-IT 1.1,modification,SUP,PS Statewide,..,,,Modification - IT resources on an as needed basis - Extend term for a new procurement and transition time. Term: 12/1/24 - 6/30/25.,,,2024-12-01,2025-06-30,Approved,No,,,1,37-IT,,2024-Nov-20-Summary.pdf,29,no dollar figure on the item
2024-10-30,Department of General Services,36-IT 1.1,award,SUP,TREAS,..,,,"Two resources to provide network, help desk, business analysis, application management, and securitysupport for the Enterprise 365 system using General Funds, State Insurance Trust Funds, and Special Funds. 11/01/2024 -10/31/2025 (w/two 1- year renewal options).",,,,,Approved,No,,,1,36-IT,,2024-Oct-30-Summary.pdf,27,no dollar figure on the item
2024-09-11,Department of General Services,30-IT 2.1,award,DIT,Statewide,..,,,"Four resources to support the Open Data Program: (1) Project Manager, (2) ETL Developer / Platform Administrator, (3) Business Intelligence Platform Administrator, and (4) Data Analyst / Platform Administrator to assist with the existing Qlik Sense BI Platform.",,,,,Approved,No,,,0,30-IT,,2024-Sep-11-Summary.pdf,29,no dollar figure on the item
2024-09-11,Department of General Services,30-IT 3.1,award,DIT,Statewide,..,,,Three contracts for Cyber Engineers to support the adoption and implementation of centrally provided cyber security services.,,,,,Approved,No,,F50P4600485,0,30-IT,,2024-Sep-11-Summary.pdf,29,no dollar figure on the item
2025-04-02,Department of General Services,25-IT-MOD,modification,DGS,Statewide,"CMD Investment Group, Inc.",,,"Information Technology Modification - Call Center, Contact Center Services - Increase funding to accommodate new and current agencies utilizing the services. Term: 4/24/25 - 12/31/30. Amount: $6,000,000.",6000000.0,fixed,2025-04-24,2030-12-31,withdrawn,No,,COK83907,0,,,2025-Apr-2-Summary.pdf,21,"Board action was 'withdrawn', not approved"
2025-04-02,Department of General Services,27-IT-MOD,modification,MDH,Statewide,"Revvity Health Science, Inc.",,,"Information Technology Modification - Maryland Infant Screening Database - Correct contract term on original item (DGS 17-IT, 1/4/23) as the correct term is 2/1/2023 - 1/31/26 (w/two 1-year renewal options). . Modification Term: 4/24/25 - 1/31/26. Amount: No change.",,no change,2025-04-24,2026-01-31,Approved,No,,M00B4600492,0,,,2025-Apr-2-Summary.pdf,22,"term-only change, no dollar figure"
2025-04-02,Department of General Services,28-IT 3.2,award,MSP,Statewide,Skyline Technology Solutions,,,Video Stream CCTV system for the Maryland Coordination and Analysis Center. Term: Anticipated delivery date - 5/1/25.,145488.0,fixed,,,Withdrawn,No,,W00P5600887,0,28-IT,Sub-item 3.2 was withdrawn at the meeting. revisions,2025-Apr-2-Summary.pdf,23,"Board action was 'Withdrawn', not approved"
2025-08-27,Department of General Services,54-IT 1.1,award,DIT,Statewide,".. 1.1(A) Elegant Enterprise-Wide Solutions 1.1(B) Innosoft Corporation 1.1(C) Gantech, Inc.",,,"Option - Three awards to provide three Cyber Engineers to support coordinating centrally provided cyber security services - Exercise the first of two renewal options. Term: 9/16/25 - 9/15/26. $239,580.00 $194,040.00 $198,000.00",,,2025-09-16,2026-09-15,Approved,No,,F50P4600485,1,54-IT,,2025-Aug-27-Summary.pdf,39,no dollar figure on the item
2025-08-06,Department of General Services,35-IT 1.2,award,DAAT,Various,".. 1.2(A) ADITI LLC 1.2(B) Serigor, Inc. 1.2(C) Select Computing, Inc.",,,"Three awards to Convert legacy mainframe code to a modern computer language and move systems to a cloud-based platform. Term: 9/1/25 - 3/1/26. $452,994.20 $595,000.00 $297,759.20",,,2025-09-01,2026-03-01,Approved,No,,,0,35-IT,,2025-Aug-6-Summary.pdf,29,no dollar figure on the item
2025-08-06,Department of General Services,35-IT 2.1,award,MDL,Various,".. 2.1(A) 4A Consulting, LLC 2.1(B) Elegant Enterprise-Wide Solutions, Inc. 2.1(C) Tetrus Corporation",,,"Three awards for 5 positions for support, design, development and deployment activities for a comprehensive reporting module. Term: 8/28/25 - 2/6/26 (w/one 1- year and one 2-month renewal options). Two Senior Application $183,783.60 Development, Advanced Technology Positions Two Senior Application $182,160.00 Development, Advanced Technology Positions One Applications Development $104,940.00 Expert Position",,,2025-08-28,2026-02-06,Approved,No,,,0,35-IT,,2025-Aug-6-Summary.pdf,30,no dollar figure on the item
2025-02-12,Department of General Services,11-IT,award,DGS,Statewide,".. Consulting, LLC Business Consulting, Inc. Inc. LLC Corporation Inc. Consultants, Inc. Inc. Inc. Corporation- Services Division Systems Claims Solutions, Inc. Century Technologies, Information Solution, Inc. Inc. Point Global LLC Technologies LLC Technology LLC Professional Services Lochbridge Solutions LLC Software Alliant, Inc. Technologies, Inc. JV LLC Software LLC Infotech, Inc. IT Solutions Networks, LLC Hoc LLC Inc. Inc. Zion, LLC Technology, Inc. Infotech, Inc. Services, Inc.",,,"Information Technology - Multiple-awards [39 total] for Statewide Agile Resources and Teams in three Functional Areas (FA): (FA 1) Software Engineering Resources [14 awards], (FA 2) Software Engineering Teams Bundle [20 awards], and (FA 3) IT Management Consulting Services [5 awards]. Term: 3/1/25 - 2/28/35. Amount: NTE $445,000,000. Functional Area 1 Functional Area 1 Functional Area 1 Functional Area 1 Functional Area 1 Functional Area 1 Functional Area 1 Functional Area 1 Functional Area 1 Functional Area 1 Functional Area 1 Functional Area 1 Functional Area 1 Functional Area 2 Functional Area 2 Functional Area 2 Functional Area 2 Functional Area 2 Functional Area 2 Functional Area 2 Functional Area 1 Functional Area 2 Functional Area 2 Functional Area 2 Functional Area 2 Functional Area 2 Functional Area 2 Functional Area 2 Functional Area 2 Functional Area 2 Functional Area 2 Functional Area 2 Functional Area 2 Functional Area 2 Functional Area 3 Functional Area 3 Functional Area 3 Functional Area 3 Functional Area 3",445000000.0,not-to-exceed,2025-03-01,2035-02-28,withdrawn,No,,001B5600235,1,,,2025-Feb-12-Summary.pdf,19,"Board action was 'withdrawn', not approved"
2025-02-12,Department of General Services,12-IT 1.1,award,DENV,Statewide,".. 4.1(b) Elegant Enterprise-Wide Solutions, Inc.",,,"(4.0) Three awards for Five Resources for a major IT project to develop an online portal for the intake of MDE various program applications, payment processing, permits, licenses, and online permit application processes, Term: 2/13/25 - 3/31/27. Application Developer, Advanced $808,500.00 (2 positions) and",,,2025-02-13,2027-03-31,Approved,No,,,1,12-IT,,2025-Feb-12-Summary.pdf,21,no dollar figure on the item
2025-02-12,Department of General Services,24-IT 1.1,modification,SUP,EDUC,Deloitte Consulting LLP 1.1(A) 1.1(B) 1.1(C),,,"Renewal Option/Modification - Online application submission, case management, and provider payment processing system. A. Renewal Option #2 $1,415,606.00 (Retroactive). Term: 2/1/25 - 2/15/25. B. Renewal Option #2 (Proactive). $67,106,460.00 Term: 2/16/25 - 12/31/26 (w/one 1-year renewal option). C. Modification - Extend renewal option 2 by 11 months and add funding - Add a third one-year renewal option.",,,2025-02-01,2026-12-31,Approved,No,,,1,24-IT,,2025-Feb-12-Summary.pdf,26,no dollar figure on the item
2025-01-29,Department of General Services,29-IT 1.3,award,DIT,Statewide,..,,,"Two awards in two functional areas to provide Digital aerial imagery of Maryland for use by 911 Public Safety Answering Point (PSAP) centers, Computer Aided Dispatch (CAD) systems, and Geographic Information Systems (GIS).",,,,,Approved,No,,,0,29-IT,,2025-Jan-29-Summary.pdf,22,no dollar figure on the item
2025-01-29,Department of General Services,43-IT-OPTMOD,modification,EDUC,Statewide,..,,,"Information Technology Renewal Option/Modification - Approve modification and renewal of one task order contract under a previously approved Master Contract (1.0) Consulting and Technical Services Plus (CATS+). Amount: $68,557,288.",68557288.0,fixed,,,withdrawn,No,,,0,,,2025-Jan-29-Summary.pdf,26,"Board action was 'withdrawn', not approved"
2025-01-29,Department of General Services,43-IT-OPTMOD 1.1,modification,RS,EDUC Statewide,Deloitte Consulting LLP 1.1B 1.1A ..,,,"Renewal Option/Modification - Obtain a paperless, online application submission, case management, and provider payment processing system Modification - Add additional $62,250,147.00 funding and Extend term for the second option year, add an additional optional period to continue the CCS Case Management and Payment Processing Functions for the scholarship application portal. Term: 2/1/25 - 12/31/26 (w/one 1 year renewal option added). Renewal Option - Exercise the $6,307,141.00 second of two renewal options. 01/1/27-12/31/27.",,,2025-02-01,2026-12-31,withdrawn,No,,,1,43-IT-OPTMOD,,2025-Jan-29-Summary.pdf,26,"Board action was 'withdrawn', not approved"
2025-01-08,Department of General Services,25-IT 1.2,modification,DGS,Various,..,,,"Change 1 - Add electrical connectivity, trenching, conduit and pull box requirements for the new digital sensor technology added through Modification #1.",,,,,Approved,No,,,0,25-IT,,2025-Jan-8-Summary.pdf,24,no dollar figure on the item
2025-01-08,Department of General Services,25-IT 1.2,award,DGS,Various,..,,,"Change 2 - Add the construction, general support and routine maintenance of a new site at US-50 West Chester/Piney Creek site, which replaces the decommissioned US-50 West site at MD-8 Queen Anne’s County",,,,,Approved,No,,,0,25-IT,,2025-Jan-8-Summary.pdf,24,no dollar figure on the item
2025-01-08,Department of General Services,25-IT 1.2,award,DGS,Various,..,,,"Change 3 - Add general support and routine maintenance to two newly completed sites at US-301-N and US-301-S, located at Harry W. Nice Memorial Bridge in Newburg",,,,,Approved,No,,,0,25-IT,,2025-Jan-8-Summary.pdf,24,no dollar figure on the item
2025-01-08,Department of General Services,25-IT 1.2,award,DGS,Various,..,,,Change 4 - Remove I-695N at the Dock Road Baltimore City site which is temporarily out of commission due to the Francis Scott Key (FSK) Bridge collapse,,,,,Approved,No,,,0,25-IT,,2025-Jan-8-Summary.pdf,24,no dollar figure on the item
2025-01-08,Department of General Services,25-IT 1.2,award,DGS,Various,..,,,Change 5 - Add the use of federal funds as the Federal Motor Carrier Safety Administration (FMCSA) has agreed to reimburse the monthly general support and routine maintenance fees for all sites.,,,,,Approved,No,,,0,25-IT,,2025-Jan-8-Summary.pdf,25,no dollar figure on the item
2025-01-08,Department of General Services,25-IT 1.1,modification,MDH,Statewide,..,,,Modification - RETROACTIVE - Medicaid Enterprise System Modular Transformation Project - Increase funding for 2 staffing contracts as needs exceeded estimates.,,,,,Approved,No,,,1,25-IT,,2025-Jan-8-Summary.pdf,25,no dollar figure on the item
2025-07-16,Department of General Services,34-IT,award,DIT,Statewide,..,,,"Information Technology - Agile Digital Experience Product Transformation - Multiple Award (8) contracts to provide Digital Services and Agile Development Support, on an as needed basis through rotational work-order process in three service areas (web experience services, application systems & software development, and digital service management). Term: 8/6/25 - 7/11/34. Amount: NTE $300,000,000.",300000000.0,not-to-exceed,2025-08-06,2034-07-11,withdrawn,no,,F50B6600002,0,,,2025-Jul-16-Summary.pdf,25,"Board action was 'withdrawn', not approved"
2025-07-16,Department of General Services,38-IT,award,MSP,Statewide,"Babel Street®, Inc.",,,"Information Technology - Open-source tool that provides access to various social media sites and open sources. Term: 8/17/25 - 8/15/26. Amount: $144,144.",144144.0,fixed,2025-08-17,2026-08-15,withdrawn,No,,W00P5601472,0,,,2025-Jul-16-Summary.pdf,26,"Board action was 'withdrawn', not approved"
2025-07-02,Department of General Services,27-IT,award,MSP,Statewide,"Babel Street®, Inc.",,,"Information Technology - Open-source tool that provides access to various social media sites and open sources used b the Maryland Coordination and Analysis Center’s (MCAC) Criminal Intelligence Section. Term: 7/17/25 - 7/15/26. Amount: $144,144.",144144.0,fixed,2025-07-17,2026-07-15,withdrawn,No,,W00P5601472,0,,,2025-Jul-2-Summary.pdf,34,"Board action was 'withdrawn', not approved"
2025-06-11,Department of General Services,42-IT,award,VARIOUS,Statewide KNZ,Solutions Inc.,,,"Information Technology - Department of Labor/Department of Public Safety and Correctional Services - 79 SMART Boards for education services at 16 correctional facilities (Maryland Correctional Institution Hagerstown, Maryland Correctional Training Center, Jessup Correctional Institution, Maryland Correctional Institution Jessup, Patuxent Institution, Western Correctional Institution, North Branch Correctional Institution, Roxbury Correctional Institution, Central Maryland Correctional Facility, Maryland Correctional Pre-Release System, Dorsey Run Correctional Facility, Maryland Correctional Institution for Women, Occupational Skills Training Center Baltimore City Correctional Center, Metropolitan Transition Center, Eastern Correctional Institution East Compound, ECI Annex and ECI West). Term: Anticipated delivery - 7/7/25. Amount: $599,491.",599491.0,fixed,,,,,,,0,,,2025-Jun-11-Summary.pdf,32,no action line found in the summary
2025-06-11,Department of General Services,43-IT,award,DOT,Anne Arundel IBM,Corporation,,,"Information Technology - Glen Burnie Data Center - Maintenance, support and license renewal for mainframe operating system software installed on the mainframe processor. Term: 7/3/25 - 6/30/26. Amount: $1,991,567.",1991567.0,fixed,2025-07-03,2026-06-30,,,,,0,,,2025-Jun-11-Summary.pdf,32,no action line found in the summary
2025-06-11,Department of General Services,44-IT-MOD,modification,DIT,"Statewide TierPoint,",LLC www.bpw.maryland.gov,,,"Information Technology Modification - Maryland Data Center Colocation Services - A subset of current secondary data center service capabilities will transition from the TierPoint BWI facility to a TierPoint facility in Allen, Texas, to support a hosted Continuity of Operations (COOP) solution. Term: 7/3/25 - 9/17/29. Amount: $4,200,000. Page 32 of 39",4200000.0,fixed,2025-07-03,2029-09-17,,,,,0,,,2025-Jun-11-Summary.pdf,32,no action line found in the summary
2025-06-11,Department of General Services,45-IT,award,DGS,Various ..,www.bpw.maryland.gov www.bpw.maryland.gov www.bpw.maryland.gov,,,"Information Technology - Approve 21 Task Orders/Purchase Orders under a previously approved Master Contract: (1.0) Consulting and Technical Services Plus (CATS+), (2.0) Delivery Program Management Services, (3.0) Agile Team Resources, (4.0) Commercial Off-the-Shelf Software (COTS) 2012, (5.0) Hardware/Associated Equipment & Services 2012, (6.0) Desktop, Laptops and Tablets 2015, and (7.0) Innovative Workforce Solutions (IWS) Master Contract. Amount: $35,758,427. Page 33 of 39 Page 34 of 39 Page 35 of 39",35758427.0,fixed,,,,,,,0,,,2025-Jun-11-Summary.pdf,33,no action line found in the summary
2025-06-11,Department of General Services,45-IT 1.1,award,DOT,Statewide,"Global Alliant, Inc.",,,"Application Developers - 20 Resources, w optional 5 additional, to support current and emerging technology projects and tasks through a work order process. Term: 7/3/25 - 4/21/28,",14725773.76,fixed,2025-07-03,2028-04-21,,,,,1,45-IT,,2025-Jun-11-Summary.pdf,33,no action line found in the summary
2025-06-11,Department of General Services,45-IT 2.1,modification,DIT,Statewide,"Navitas Business Consulting, Inc.",,,Modification - Business Analysis Services for managing the COVID-19 Vaccination programs - Extend contract to complete a new procurement. Term: 7/3/25 - 6/30/26.,498384.4,fixed,2025-07-03,2026-06-30,,,,,0,45-IT,,2025-Jun-11-Summary.pdf,33,no action line found in the summary
2025-06-11,Department of General Services,45-IT 2.2,modification,MDH,Statewide,"Navitas Business Consulting, Inc.",,,Modification - Program/Project Management Services - Senior project manger to oversee large complex IT initiatives - Extend contract to complete the new procurement. Term: 7/3/25 - 6/30/26.,229262.09,fixed,2025-07-03,2026-06-30,,,,,0,45-IT,,2025-Jun-11-Summary.pdf,33,no action line found in the summary
2025-06-11,Department of General Services,45-IT 2.3,renewal,COMP,Statewide,"Angarai International, Inc.",,,Renewal Option - Two Business Analyst Positions to work on the Business Transformation under the 21st Century Financial Systems Enterprise project to replace FMIS - Exercise the sole renewal option. Term: 7/3/25 - 7/2/26.,469385.28,fixed,2025-07-03,2026-07-02,,,,,0,45-IT,,2025-Jun-11-Summary.pdf,33,no action line found in the summary
2025-06-11,Department of General Services,45-IT 3.1,award,DENV,Statewide,".. 3.1(A) Elegant Enterprise-Wide Solutions, Inc. 3.1(B) Infojini Inc. 3.1(C) Tetrus, Corp. 3.1(D) Gantech, Inc.",,,"Four awards to Develop a Septic and Wells Online Portal to submit and pay for Well and Septic applications/permits, includes five positions. Term: 7/3/25 - 3/31/27. Application Developer, Advanced (2 $691,600.00 positions) Application Developer, Advanced $337,537.20 Quality Assurance Specialist $287,560.00 Business Analyst, Computer Systems $353,080.00 (Junior)",,,2025-07-03,2027-03-31,,,,,0,45-IT,,2025-Jun-11-Summary.pdf,33,no action line found in the summary
2025-06-11,Department of General Services,45-IT 4.1,award,DIT,Statewide,CAS Severn,,,Cisco Cohesity Software subscription licenses for servers and storage. Term: 7/3/25 - 7/2/26.,373824.0,fixed,2025-07-03,2026-07-02,,,,,0,45-IT,,2025-Jun-11-Summary.pdf,34,no action line found in the summary
2025-06-11,Department of General Services,45-IT 4.2,award,DIT,Statewide,Carahsoft Technology Corporation,,,"New Relic software is used for monitoring, troubleshooting, and optimizing performance of servers, applications and components. Term: 7/3/25 - 6/29/26.",1451612.9,fixed,2025-07-03,2026-06-29,,,,,0,45-IT,,2025-Jun-11-Summary.pdf,34,no action line found in the summary
2025-06-11,Department of General Services,45-IT 4.3,award,EDUC,Statewide,Carahsoft Technology Corporation,,,Grant management license and data migration software for the BOOST (Broadening Options and Opportunities for Students Today) Scholarship Program. Term: 7/3/25 - 6/30/27.,244477.4,fixed,2025-07-03,2027-06-30,,,,,0,45-IT,,2025-Jun-11-Summary.pdf,34,no action line found in the summary
2025-06-11,Department of General Services,45-IT 4.4,award,DOT,Statewide,Advanced Computer Concepts Inc.,,,Broadcom CA Mainframe Software System Licenses and Maintenance. Term: 7/3/25 - 6/30/26.,868280.1,fixed,2025-07-03,2026-06-30,,,,,0,45-IT,,2025-Jun-11-Summary.pdf,34,no action line found in the summary
2025-06-11,Department of General Services,45-IT 4.5,award,COMP,Statewide,Digital Information Services LLC,,,IBM Passport Advantage Software Subscription. Term: 7/3/25 - 6/20/26.,206848.35,fixed,2025-07-03,2026-06-20,,,,,0,45-IT,,2025-Jun-11-Summary.pdf,34,no action line found in the summary
2025-06-11,Department of General Services,45-IT 5.1,award,DOT,Statewide,CAS Severn Inc.,,,Purchase two NetApp storage arrays for the Glen Burnie and Kauffman Data locations. Term: Anticipated delivery - 7/2/25.,420240.0,fixed,,,,,,,0,45-IT,,2025-Jun-11-Summary.pdf,34,no action line found in the summary
2025-06-11,Department of General Services,45-IT 5.2,award,DJS,Various,"Universal Adaptive Consulting Services, Inc.",,,Video surveillance hardware/equipment for recordings to support youth camps and Evening Reporting Center facilities across the State. Term: Anticipated delivery - 8/15/25.,217716.4,fixed,,,,,,,0,45-IT,,2025-Jun-11-Summary.pdf,34,no action line found in the summary
2025-06-11,Department of General Services,45-IT 5.3,award,DIT,Statewide,"HCGI Hartford, Inc.",,,Ciena-CRMAN Network Communication Equipment for implementing the high-speed Consolidated Regional Metropolitan Area Network (CRMAN) backbone across Maryland. Term: Anticipated delivery - 6/21/25.,1505631.0,fixed,,,,,,,0,45-IT,,2025-Jun-11-Summary.pdf,35,no action line found in the summary
2025-06-11,Department of General Services,45-IT 5.4,award,COMP,Statewide,CDW,,,"Purchase and installation of IBM z16 Model Mainframe Server, includes 5 years of maintenance coverage. Term: Anticipated delivery - 6/30/25.",938920.0,fixed,,,,,,,0,45-IT,,2025-Jun-11-Summary.pdf,35,no action line found in the summary
2025-06-11,Department of General Services,45-IT 5.5,award,DIT,Statewide,"Blackwood Associates, Inc.",,,"Palo Alto Enterprise Hardware, Software and Service Support for Disaster Recover as a Service. Term: 7/3/25 - 7/2/27.",5497469.0,fixed,2025-07-03,2027-07-02,,,,,0,45-IT,,2025-Jun-11-Summary.pdf,35,no action line found in the summary
2025-06-11,Department of General Services,45-IT 6.1,award,DIT,Statewide,Applied Technology Services,,,Purchase 175 Dell Laptops and 175 Dell Docking Stationsfor DoIT managed agencies. Term: Anticipated delivery - 6/30/25.,257775.0,fixed,,,,,,,0,45-IT,,2025-Jun-11-Summary.pdf,35,no action line found in the summary
2025-06-11,Department of General Services,45-IT 6.2,award,PS,Statewide,Applied Technology Services,,,"Purchase 800 Dell desktop computers, monitors and stands. Term: Anticipated delivery - 7/1/25.",840000.0,fixed,,,,,,,0,45-IT,,2025-Jun-11-Summary.pdf,35,no action line found in the summary
2025-06-11,Department of General Services,45-IT 6.3,award,DIT,Statewide,Applied Technology Services,,,Purchase 78 Dell laptops and 1 Dell Docking Station. Term: Anticipated delivery - 6/30/25.,223838.0,fixed,,,,,,,0,45-IT,,2025-Jun-11-Summary.pdf,35,no action line found in the summary
2025-06-11,Department of General Services,45-IT 6.4,award,DIT,Statewide,Applied Technology Services,,,"Purchase 1,536 Dell Laptops, 144 Dell Processors, and 300 Dell Monitors. Term: Anticipated delivery - 6/30/25.",2089236.0,fixed,,,,,,,0,45-IT,,2025-Jun-11-Summary.pdf,35,no action line found in the summary
2025-06-11,Department of General Services,45-IT 6.5,award,DOHR,Statewide,Applied Technology Services,,,Purchase 600 Del Laptops with Monitors and Accessories. Anticipated delivery - 6/24/25.,941400.0,fixed,,,,,,,0,45-IT,,2025-Jun-11-Summary.pdf,35,no action line found in the summary
2025-06-11,Department of General Services,45-IT 7.1,modification,DIT,Statewide,"Catalyte, Inc.",,,Modification - Obtain 14 apprentices and one mentor to support MDH Medicade Provider Management Module - Extend term to complete project. Term: 6/2/325 - 6/22/26.,2088576.0,fixed,0325-06-02,2026-06-22,,,,,0,45-IT,,2025-Jun-11-Summary.pdf,35,no action line found in the summary
2025-06-11,Department of General Services,56-IT,award,COMP,Statewide IVIX,"Tech, Inc.",,,"Information Technology - Digital Economy Discovery Program - Provide a solution that can search and review public data from social media, online marketplaces and websites and platforms to provide data to determine non-filers and under-reporters of income. Term: 6/12/25 - 6/11/28. Amount: $9,000,000.",9000000.0,fixed,2025-06-12,2028-06-11,,,,,0,,,2025-Jun-11-Summary.pdf,37,no action line found in the summary
2025-06-11,Department of General Services,57-IT,award,COMP,Statewide IBM,Corporation www.bpw.maryland.gov,,,"Information Technology - Intelligent forms processing (IFP) annual software maintenance and defect support. Term: 7/8/25 - 7/7/26. Amount: $226,207. Page 37 of 39",226207.0,fixed,2025-07-08,2026-07-07,,,,,0,,,2025-Jun-11-Summary.pdf,37,no action line found in the summary
2025-06-11,Department of General Services,58-IT,award,DIT,Statewide Carahsoft,Technology Corp.,,,"Information Technology - Maryland.gov Drupal Migration to move content, data, and configurations from the current content management system to Drupal for Maryland.gov websites. Term: 7/3/25 - 6/30/26. Amount: $2,040,976.",2040976.0,fixed,2025-07-03,2026-06-30,,,,,0,,,2025-Jun-11-Summary.pdf,38,no action line found in the summary
2025-06-11,Department of General Services,59-IT,award,DOT/MVA,Statewide Deluxe,Corporation,,,"Information Technology - Image Remittance Processing System (ImageRPS) license for Maintenance and Software Support. Term: 7/3/25 - 6/30/30. Amount: $505,309.",505309.0,fixed,2025-07-03,2030-06-30,,,,,0,,,2025-Jun-11-Summary.pdf,38,no action line found in the summary
2025-06-11,Department of General Services,60-IT-MOD,modification,DGS,Statewide SHI,International Corporation,,,"Information Technology Modification - RETROACTIVE - Purchase Microsoft Licensing Packages - Modify to increase contract spending authority and justify the Retroactive action from financial discrepancies and in alignment with the ICPA contract extension approved on 5/30/24. Retroactive Term: 3/18/23 - 2/28/25. Amount: $17,130,062.86; Proactive Term: 6/12/25 - 9/28/25. Amount: $14,000,000. Total Amount: $31,130,063.",31130063.0,fixed,2023-03-18,2025-09-28,,,,,0,,,2025-Jun-11-Summary.pdf,38,no action line found in the summary
2025-06-11,Department of General Services,61-IT,award,DIT,Statewide Spatial,"Systems Associates, Inc.",,,"Information Technology - Approve one Task Order contract under a previously approved Master Contract: (1.0) Consulting and technical Services Plus (CATS+); (1.1) Geographic Information Systems (GIS) Support and Services. Term: 7/3/25 - 4/21/28. Amount: $15,000,000.",15000000.0,fixed,2025-07-03,2028-04-21,,,,,1,,,2025-Jun-11-Summary.pdf,38,no action line found in the summary
2025-06-11,Department of General Services,63-IT,award,DGS,"Statewide Ivalua,",Inc. www.bpw.maryland.gov,,,"Information Technology - Office of State Procurement - Software license and maintenance from Ivalua, the developer of eMaryland Marketplace Advantage (eMMA), the State’s eProcurement solution . Term: 7/1/25 - 12/31/27. Amount: $5,730,308. Page 39 of 39",5730308.0,fixed,2025-07-01,2027-12-31,,,,,0,,,2025-Jun-11-Summary.pdf,39,no action line found in the summary
2025-03-19,Department of General Services,38-IT 1.1,renewal,MSP,Statewide,".. 1.1(a) Creative Information Technology, Inc. 1.1(b) Navitas Business Consulting",,,"Renewal Option - Two Resources (one Senior Project Manager and Scrum Master) to direct the Computer Aided Dispatch/Records Management System project team - Exercise the first renewal option. Term: 4/16/25 - 4/15/26. Senior Project Manager $245,952.00 Scrum Master $206,781.12",,,2025-04-16,2026-04-15,Approved,yes,,,1,38-IT,,2025-Mar-19-Summary.pdf,33,no dollar figure on the item
2025-03-19,Department of General Services,38-IT 6.1,award,MDH,Statewide,".. 6.1(a) Gantech, Inc. 6.1(c) Turning Point Global Solutions, LLC 6.1(e) Innosoft Corporation",,,"Five Resources to support the implementation of a Bed Registry system. Term: 4/3/25 - 4/2/27. Sr. Business Process Consultant $701,400.00 Organizational Change $531,048.00 Management Lead Sr. Business Analyst $357,000.00",,,2025-04-03,2027-04-02,Approved,yes,,,0,38-IT,,2025-Mar-19-Summary.pdf,34,no dollar figure on the item
2025-11-19,Department of General Services,30-IT 2.1,renewal,RETAGCY,Statewide,".. 2.1(A) 4A Consulting, LLC 2.1(B) Elegant Enterprise-Wide Solutions, Inc. 2.1(C) Infojini, Inc.",,,"Renewal Option - Three awards for Multiple resources for major business operations re-engineering projects - Exercise the first of two renewal options. $1,050,567.68 $184,512.00 $354,144.00",,,,,Approved,No,,,0,30-IT,,2025-Nov-19-Summary.pdf,21,no dollar figure on the item
2025-11-05,Department of General Services,43-IT,award,DIT,Statewide,"Motorola Solutions, Inc.",,,"Information Technology - Statewide Public Safety Wireless Communications System (MD FiRST) Maintenance and upgrades. Term: 11/20/25 - 11/15/35. Base Amount: $201,486,045; Contingency Amount: $2,000,000. Total Amount: $203,486,045.",203486045.0,fixed,2025-11-20,2035-11-15,withdrawn,no,,F50B6600005,0,,,2025-Nov-5-Summary.pdf,27,"Board action was 'withdrawn', not approved"
2025-11-05,Department of General Services,49-IT 1.1,renewal,DIT,Statewide,.. Solutions,,,Renewal Option - Six contracts for Services of 15 Information Security Officer (ISO) Subject Matter Experts to support OSM in coordinating the adoption and implementation of centrally provided cyber security services - Exercise the renewal options options. Term: 12/9/25 - 12/8/26. options. Term: 12/9/25 - 12/8/26. options. Term: 12/9/25 - 12/8/26. options. Term: 12/9/25 - 12/8/26. options. Term: 12/9/25 - 12/8/26. options. Term: 12/9/25 - 12/8/26.,,,2025-12-09,2026-12-08,Approved,No,,,1,49-IT,,2025-Nov-5-Summary.pdf,29,no dollar figure on the item
2025-11-05,Department of General Services,49-IT 1.2,renewal,DIT,Statewide,".. 1.2(a) Elegant Enterprise-Wide Solutions 1.2(b) Gantech, Inc.",,,"Renewal Option - DoIT Office of Security Management (OSM) - Two contracts to proivde a Local Cybersecurity Coordinator to support various IT Programs - Exercise renewal options. Exercise the first of two renewal $255,420.00 options. Term: 12/9/25 - 12/8/26. Exercise the first of two renewal $260,370.00 options. Term: 12/9/25 - 12/8/26.",,,2025-12-09,2026-12-08,Approved,No,,,0,49-IT,,2025-Nov-5-Summary.pdf,30,no dollar figure on the item
2026-04-01,Department of General Services,86-IT 1.1,award,DGS,Various,"(a) Momentum, Inc.",,,,,,,,Approved,No,,,1,86-IT,,2026-Apr-1-Summary.pdf,36,no dollar figure on the item
2026-04-01,Department of General Services,86-IT 1.1,award,DGS,Various,(b) Alphfinity LLC,,,,,,,,Approved,No,,,1,86-IT,,2026-Apr-1-Summary.pdf,36,no dollar figure on the item
2026-08-19,Secretary,23,award,MORG,Baltimore City,Ellucian Company LLC,,,"Information Technology - RETROACTIVE - Ellucian Banner Enterprise Resource Planning System Maintenance, Subscription and Support Services - (1) Retroactive Approval. Term: 7/1/26 - 9/2/26. Amount: $191,756. (2) Proactive Term: 9/3/26 - 6/30/27. Amount: $919,213. Total Amount: $1,265,832.",1265832.0,fixed,2026-07-01,2027-06-30,withdrawn,No,,,0,,,2026-Aug-19-Summary.pdf,8,"Board action was 'withdrawn', not approved"
2026-08-19,Department of General Services,34-IT,award,MSP,Statewide,PenLink LTD,,,"Information Technology - Quartermaster Division - Penlink PLX Upgrade - Platform used to collect, analyze and manage electronic communications data. Term: 9/3/26 - 8/30/27. Amount: $483,116.",483116.0,fixed,2026-09-03,2027-08-30,withdrawn,No,,W00P7600021,0,,,2026-Aug-19-Summary.pdf,28,"Board action was 'withdrawn', not approved"
2026-01-28,Department of General Services,44-IT,award,DIT,Various,..,,,"Information Technology - Approve three Task Orders/Purchase Orders under previously approved Master Contracts: (1.0) Consulting and Technical Services Plus (CATS+); (2.0) Agile Team Resources. Total Amount: 9,145,194.",,,,,Approved,No,,,0,,,2026-Jan-28-Summary.pdf,33,no dollar figure on the item
2026-01-07,Department of General Services,42-IT 1.1,modification,DIT,Statewide,Edwards Performance Solutions,,,"Modification/Correction - One Senior Project Manager responsible for the AS400 replacement project - Correct original contract term from 8/24/21 to 8/24/23 - 8/3/25 on previous approval (DGS 35-IT, 9/10/25).",0.0,fixed,,,Withdrawn,No,,,1,42-IT,Sub-item 1.1 was withdrawn at the meeting; The,2026-Jan-7-Summary.pdf,30,"Board action was 'Withdrawn', not approved"
2026-07-01,Department of General Services,40-IT,award,EDUC,Statewide,Election Systems and Software LLC,,,"Information Technology - New Statewide Voting System - Includes acquisition, deployment and support with intended implementation in time to support the 2028 Presidential election cycle. Term: 8/5/26 - 8/31/31 (w/two 2-year renewal options). Amount: $84,909,901.",84909901.0,fixed,2026-08-05,2031-08-31,withdrawn,No,,D38B5600001,0,,,2026-Jul-1-Summary.pdf,47,"Board action was 'withdrawn', not approved"
2026-07-01,Department of General Services,41-IT,award,EDUC,Statewide,TCC dba The Consultants Consortium LLC,,,"Information Technology - Division of Early Childhood - Ascend Provider Portal Implementation and Scanning Services for MSDE Child Care Licensing Branch, includes digitizing historical child care provider licensing paper files stored across MSDE's 13 regional offices. Term: 7/23/26 - 12/31/26 (w/one 1-year renewal option). Amount: $2,504,386.",2504386.0,fixed,2026-07-23,2026-12-31,withdrawn,No,,R00B7600004,0,,,2026-Jul-1-Summary.pdf,47,"Board action was 'withdrawn', not approved"
2026-07-22,Department of General Services,48-IT,award,DIT,Statewide,"Amazon Web Services, Inc.",,,"Information Technology - Amazon Web Services - Comprehensive computing platform to support cloud computing and infrastructure needs. Term: 9/1/26 - 8/31/31. Amount: $241,370,000.",241370000.0,fixed,2026-09-01,2031-08-31,withdrawn,No,,F50B6600017,0,,,2026-Jul-22-Summary.pdf,30,"Board action was 'withdrawn', not approved"
2026-06-03,Department of General Services,30-IT,award,PS,Statewide,"Orijin, PBC",,,"Information Technology - Purchase 325 Chromebook laptops for incarcerated individuals across eight facilities enrolled in degree programs, using the Orijin Platform Learning Management System, includes peripherals, licenses, training, configuration and shipping. Term: 7/1/26 - 6/30/30. Amount: $1,829,361.",1829361.0,fixed,2026-07-01,2030-06-30,withdrawn,No,,Q00B6600077,0,,,2026-Jun-3-Summary.pdf,22,"Board action was 'withdrawn', not approved"
2026-03-18,Department of General Services,22-IT,award,PS,Statewide,"Computer Projects of Illinois, Inc.",,,"Information Technology - OpenFox Message Switch Software System license, maintenance and technical support. Term: 4/2/26 - 4/1/31. Amount: $2,553,058.",2553058.0,fixed,2026-04-02,2031-04-01,withdrawn,No,,Q00B6600055,0,,,2026-Mar-18-Summary.pdf,22,"Board action was 'withdrawn', not approved"
2026-05-20,Department of General Services,56-IT,award,DNR,Statewide,"Kaizen Laboratories, Inc.",,,"Information Technology - Maryland Park Service - Revenue Sharing Sole-Source Contract to provide a Integrated Reservation Service Program for digital entrance to State Parks and additional DNR Properties. Term: 5/21/26 - 12/31/31. Amount: 23% Transaction fee per Use; Estimated Contractor Revenue: $4M; Estimated State Revenue: $18.9M (Including estimated additional revenue of $725,000). 1. Sandy Point State Park, Greenbrier State Park, North Point State Park, Point Lookout State Park, and Newtowne Neck State Park and 2. The Green Ridge State Forest Shooting Range; The Savage River State Forest Shooting Range; The Myrtle Grove Wildlife Management Area Shooting Range; The Elk Neck State Forest Shooting Range, and 3. Gunpowder Falls State Park - Hammerman Area, Swallow Falls State Park; Elk Neck State Park’s Turkey Point Lighthouse Area; Rocks State Park’s Hill’s Grove, Wilson’s and Rock Ridge Areas, and 4. Fair Hill Natural Resources Management Area parking lots: Telegraph Road Parking Lot; Covered Bridge Parking Lot (Upper and Lower lots); North Appleton Parking Lot; South Appleton Parking Lot; and Gallaher Road Parking Lot. Seneca Creek State Park, and others in the future.",4.0,revenue-to-state,2026-05-21,2031-12-31,Approved,yes,,K00B6600088,0,,Approved 2-1 vote; Comptroller voted no,2026-May-20-Summary.pdf,32,"revenue to the state, not an expenditure"
2026-05-06,Department of Transportation,12-IT-MOD,modification,DOT,Statewide,"Carbonado Technologies, Inc.",,,"Information Technology Modification - Electronic Payroll Time Entry Software license, maintenance and support - Confirm previous award item (MDOT 17-IT, 3/18/26) with a now corrected award amount. The prior item listed base amount as $3,840,000 but should have been $4,040,000. A change of $200,000.",,,,,Approved,yes,,MDOTTS2608,0,,,2026-May-6-Summary.pdf,14,no dollar figure on the item
2026-05-06,Department of General Services,37-IT,award,DNR,Various,"Kaizen Laboratories, Inc.",,,"Information Technology - Maryland Parks Service - Revenue Genering Contract to provide a Digital Reservation Platform for entrance to State Parks and additional DNR Properties. Term: 5/21/26 - 12/31/31. Amount: 23% Transaction fee per Use; Estimated Vendor Revenue $4M over 5 years; Estimated State Revenue: $18.9M over 5 years. 1. Sandy Point State Park, Greenbrier State Park, North Point State Park, Point Lookout State Park, and Newtowne Neck State Park, and 2. The Green Ridge State Forest Shooting Range; The Savage River State Forest Shooting Range; The Myrtle Grove Wildlife Management Area Shooting Range; The Elk Neck State Forest Shooting Range, and 3. Gunpowder Falls State Park - Hammerman Area, Swallow Falls State Park; Elk Neck State Park’s Turkey Point Lighthouse Area; Rocks State Park’s Hill’s Grove, Wilson’s and Rock Ridge Areas, and 4. Fair Hill Natural Resources Management Area parking lots: Telegraph Road Parking Lot; Covered Bridge Parking Lot (Upper and Lower lots); North Appleton Parking Lot; South Appleton Parking Lot; and Gallaher Road Parking Lot. Seneca Creek State Park, and others in the future.",18.0,revenue-to-state,2026-05-21,2031-12-31,withdrawn,No,,K00B6600088,0,,,2026-May-6-Summary.pdf,23,"Board action was 'withdrawn', not approved"
2026-09-16,Secretary,21,award,MORG,Baltimore City Ellucian,Company LLC Cloud Software Software Support,,,"Information Technology - RETROACTIVE - Enterprise Resource Planning (ERP) System (Ellucian Banner) support services, cloud software subscription and maintenance - (1) Retroactive approval of the sole source contract. Term: 7/1/26 - 9/16/26. Amount: $270,507 and (2) Proactive approval. Term: 9/17/26 - 6/30/27. Amount: $995,325. Total Amount: $1,265,832. $154,863.00 $1,110,969.00",1265832.0,fixed,2026-07-01,2027-06-30,,,,,0,,,2026-Sep-16-Summary.pdf,5,no action line found in the summary
2026-09-16,Department of Transportation,17-IT,award,DOT,Statewide Advanced,Computer Concepts www.bpw.maryland.gov,,,"Information Technology - Approve one Task Order/Purchase Order Contract under a previously approved Master Contract (1.0) Hardware and Associated Equipment and Services 2012 - (1.1) MDOT Enterprise-wide Cisco Smartnet Licenses, Maintenance and Support. Term: 10/8/826 - 10/31/27. Amount: $1,011,739. Page 15 of 27",1011739.0,fixed,0826-10-08,2027-10-31,,,,,1,,,2026-Sep-16-Summary.pdf,15,no action line found in the summary
2026-09-16,Department of General Services,41-IT,award,PS,Statewide Global,Shop Solutions www.bpw.maryland.gov,,,"Information Technology - Maryland Correctional Enterprises (MCE) - Hosting and maintenance of the Enterprise Resource Planning System (ERP) software system utilized by MCE to manage accounting, procurement, inventory management, and supply chain operations. Term: 10/28/26 - 10/27/31. Amount: $1,526,235. Page 23 of 27",1526235.0,fixed,2026-10-28,2031-10-27,,,,,0,,,2026-Sep-16-Summary.pdf,23,no action line found in the summary
2026-09-16,Department of General Services,42-IT,award,MSP,Statewide PenLink,LTD,,,"Information Technology - Quartermaster Division - Penlink PLX Upgrade, a digital investigation platform used by law enforcement to collect, analyze and manage electronic communications data. Term: 9/17/26 - 8/30/27. Amount: $483,116.",483116.0,fixed,2026-09-17,2027-08-30,,,,,0,,,2026-Sep-16-Summary.pdf,24,no action line found in the summary
2026-09-16,Department of General Services,43-IT-OPT,renewal,DGS,Statewide Verizon,Maryland LLC,,,"Information Technology Option - Local Telecommunications Services for State offices available for use by all executive branch State agencies - Exercise second of four renewal options. Term: 11/1/26 - 7/31/27. Amount: $5,000,000.",5000000.0,fixed,2026-11-01,2027-07-31,,,,,0,,,2026-Sep-16-Summary.pdf,24,no action line found in the summary
2026-09-16,Department of General Services,44-IT,award,DIT,Statewide Carahsoft,Technology Corp,,,"Information Technology - Maryland Website Drupal Migration Support - Research, strategy, and design services to create a comprehensive digital experience for Maryland.gov and select agency websites and portals. Term: 10/8/26 - 6/30/28. Amount: $3,984,828.",3984828.0,fixed,2026-10-08,2028-06-30,,,,,0,,,2026-Sep-16-Summary.pdf,24,no action line found in the summary
2026-09-16,Department of General Services,45-IT-MOD,modification,MDL,"Statewide Orijin,",PBC,,,"Information Technology Modification - Cellular service and application licenses for 736 Tablets for students/inmate users within all state prisons in Maryland - Modify to extend term for continuity while the procurement is completed. Term: 10/1/26 - 9/30/27. Amount: $948,894.",948894.0,fixed,2026-10-01,2027-09-30,,,,,0,,,2026-Sep-16-Summary.pdf,24,no action line found in the summary
2026-09-16,Department of General Services,46-IT-OPTM,modification,MDL,Statewide ..,"Public Benefit Corporation (1) Renewal Option www.bpw.maryland.gov Solutions, LLC",,,"Information Technology Option/Modification - Family and Medical Leave Insurance Program (FAMLI) - Human-centered service design and agile delivery services to launch FAMLI - (1) Exercise Renewal Options 1 & 2. Option Amount: NTE $31,200,000 and (2) Modify to Add funds to support remaining system development and prepare for full program launch. Modification Amount: $34,400,000. Total Amount: NTE $65,600,000. #1 - Term: $32,800,000.00 Page 24 of 27 11/01/2026 - 10/31/2027. Amount: NTE $7,800,000 and (2) Renewal Option #2 - Term: 11/01/2027 - 10/31/2028. Amount: NTE $7,800,000 and (3) Modification Amount: NTE $17,200,000. (1) Renewal Option #1 - Term: $32,800,000.00 11/01/2026 - 10/31/2027. Amount: NTE $7,800,000 and (2) Renewal Option #2 - NTE $7,800,000 and (3) Modifcation Amount: NTE $17,200,000.",65600000.0,not-to-exceed,2027-11-01,2028-10-31,,,,,0,,,2026-Sep-16-Summary.pdf,24,no action line found in the summary
2026-09-16,Department of General Services,47-IT,award,DGS,Various ..,,,,"Information Technology - Approve two Task Orders/Purchase Orders under a previously approved Master Contract (1.0) Consulting and Technical Services Plus (CATS+). Total Amount: $8,605,378.",8605378.0,fixed,,,,,,,0,,,2026-Sep-16-Summary.pdf,25,no action line found in the summary
2026-09-16,Department of General Services,47-IT 1.1,award,DIT,Garrett,"JG Contracting Company, Inc.",,,New Germany State Park - Installation of a communications tower and site improvements. Term: 10/8/26 - 9/22/27.,1668455.0,fixed,2026-10-08,2027-09-22,,,,,1,47-IT,,2026-Sep-16-Summary.pdf,25,no action line found in the summary
2026-09-16,Department of General Services,47-IT 1.2,award,DAAT,Statewide,"Serigor, Inc.",,,"Convert legacy mainframe code into a modern computer language, and move system to a cloud-based platform. Term: 10/8/26 - 4/17/28.",6936923.0,fixed,2026-10-08,2028-04-17,,,,,0,47-IT,,2026-Sep-16-Summary.pdf,25,no action line found in the summary
2026-09-02,Department of General Services,21-IT,award,MSP,Statewide,PenLink LTD,,,"Information Technology - Quartermaster Division - PenLink PLX Upgrade, a digital investigation platform used by law enforcement to collect, analyze, and manage electronic communications data. Term: 9/17/26 - 8/30/27. Amount: $483,116.",483116.0,fixed,2026-09-17,2027-08-30,withdrawn,No,,W00P7600021,0,,,2026-Sep-2-Summary.pdf,26,"Board action was 'withdrawn', not approved"
