contract_id,agency,vendor_clean,n_items,n_awards,n_changes,first_item_date,last_item_date,original_approved_usd,later_approved_usd,total_approved_usd,growth_usd,growth_pct,months_to_first_change,in_growth_analysis,exclusion_reason,multi_vendor
060B2490023,DIT,"Various Consulting, LLC F50B800014 Inc. R00B060024 Corporation of America R00B060023",14,1,13,2019-08-14,2026-01-28,13581071.0,510324489.6,523905560.6,510324489.6,3757.62,5,0,"item covers several vendors, so the money is not one contract's",1
001B5600235,DGS,".. Consulting, LLC Business Consulting, Inc. Professional Service dba LLC Corporation Inc. Consultants, Inc. Inc. Inc. Corporation - Services Division Systems Claims Solutions, Inc. Inc. Century Technologies, Information Solution, Inc. Inc. Point Global Technologies LLC Technology LLC Solutions LLC Software Alliant, Inc. Technologies, Inc. JV LLC Software LLC Infotech, Inc. IT Solutions Networks, LLC Hoc LLC Inc. Inc. Zion, LLC Technology, Inc. Services, Inc. Infotech, Inc.",1,1,0,2025-02-26,2025-02-26,445000000.0,0,445000000.0,0.0,0.0,,0,"awarded in 2025, after the 2022 cutoff - not enough time to have been modified",1
E75B7400009,LOTT,scientific games international,3,1,2,2017-05-10,2024-12-18,217126653.0,193286055.0,410412708.0,193286055.0,89.02,74,1,,0
BPM044685,DIT,".. Century Inc. Business Consulting, Solutions, Inc. Incorporated, LLC Works One Communication",1,1,0,2025-08-27,2025-08-27,300000000.0,0,300000000.0,0.0,0.0,,0,"awarded in 2025, after the 2022 cutoff - not enough time to have been modified",1
060B2490021,DIT,"-- Solutions Computer Inc. Software Solutions, Inc. Inc. Computing One River Enterprise LLC Pointe Technologies LLC Consulting, Inc. Systems Institute Hill Solutions Inc. API Inc. LLC Builders, Inc. Public Sector, Inc. c/o Esi Inc. Public Safety & Solutions, Inc. Inc. Inc. Consulting Group, Technologies, Inc. Information Systems USA, Inc. Computer Solutions, Inc. IT Technologies Computer Supply Inc. Inc. dba Frank Co. Resources, Inc. Scripta, LLC Inc.",2,1,1,2016-04-27,2026-02-18,71000000.0,200000000.0,271000000.0,200000000.0,281.69,118,0,"item covers several vendors, so the money is not one contract's",1
F50B6600017,DIT,amazon web services,1,1,0,2026-08-05,2026-08-05,241370000.0,0,241370000.0,0.0,0.0,,0,"awarded in 2026, after the 2022 cutoff - not enough time to have been modified",0
COG06241,DIT,"-- LLC Technology, Inc. Group, Inc. Systems, Inc. Government Solutions Corporation Consulting, LLC Technical Solutions Technologies, LLC LLC LLC Information Tech, Inc. & Marsal Public Sector LLC Cabling LLC Systems, LLC Consulting Group Inc. Systems, LLC Technical Resources, LLC Technologies Inc. Inc. Inc. Corporation Inc. Communications Consulting Technology Solutions, Technologies, Inc. Consulting Services, Technical Services, Concepts, Inc. Services Network, Pixel Interactive LLC Services, Inc. Age Consulting Technologies Performance Solutions End Technical Solution Business Solutions, Systems Institute, Inc. (ESRI) LLC & Young, LLP Inc. LLC Geospatial, Inc. Software, Inc. Inc. Data Consultants, LLC Thornton, LLP Checkpoint, Inc. LLC LLC Builders, Inc. Resource Group, Inc. Corporation Corporation Inc. Engineering Solutions Inc. Data Labs, Inc. LLC Direct, LLC Corporation LLC Company Point Systems, LLC International, Inc. LLC Technologies Corporation Systems & Technologies, Taylor, Inc. Christopher Inc. Inc. International Inc. Inc. Highland Company Consulting Group, Inc. Office Products - dba Office Solutions Technology Solutions Inc. Corporation Systems Group, Inc. Technology Services LLC Technology, LLC Name JMH Technology) International Concepts, LLC Inc. Grace, LLC and Printing, Advisors Fusion, LLC Box Network Services Innovative Solutions Technologies, Computer Services, Federal Industries Government, LLC for the Support Engineering, Inc. LLC Impact Consulting, Inc. Technology Electronics Data Services, LLC Consulting, Technical Services, Value Partners Technology Solutions Inc. Technologies, Inc. LLC LLC Computing Incorporated Technologies, LLC Technology, Inc. Business Services Group LLC Networks, Inc. Inc. Enterprise Systems, Inc. Corp. Inc.",1,0,1,2017-01-25,2017-01-25,,240000000.0,240000000.0,,,,0,no original award inside the window - only later changes were captured,1
F50B6600005,DIT,motorola solutions,1,1,0,2025-11-19,2025-11-19,203486045.0,0,203486045.0,0.0,0.0,,0,"awarded in 2025, after the 2022 cutoff - not enough time to have been modified",0
COJ56926,DGS,Various,1,0,1,2022-06-08,2022-06-08,,200000000.0,200000000.0,,,,0,no original award inside the window - only later changes were captured,1
001B5600254,DGS,shi international,1,1,0,2025-08-27,2025-08-27,166562500.0,0,166562500.0,0.0,0.0,,0,"awarded in 2025, after the 2022 cutoff - not enough time to have been modified",0
COI41025,DGS,Various,1,0,1,2019-10-30,2019-10-30,,135000000.0,135000000.0,,,,0,no original award inside the window - only later changes were captured,1
E00B8400029,COMP,revenue solutions,1,1,0,2018-12-19,2018-12-19,117430895.0,0,117430895.0,0.0,0.0,,1,,0
COG75325,DIT,"-- Marketing, Inc./A&T Computer Corporation Network Group, Inc. (ANC) Inc. Computer Services, Technology LLC Inc. Electronics, Technologies Systems Support, Technologies, Corporation Data Solutions, Services Consulting, Inc. Public Sector, Inc. Inc. Signals, Inc. International, Inc. Technology Technologies Corporation of America for Future, Inc. Technologies & Inc. Office Solutions Communications Integration Information Technology Inc. Enterprises, Inc. Technology (VTC) Sound/Kunz AV",1,1,0,2016-06-22,2016-06-22,100000000.0,0,100000000.0,0.0,0.0,,0,"item covers several vendors, so the money is not one contract's",1
060B7400088,DIT,"-- Corporation Systems, Inc. Networks Advisors Communications, Inc. Consulting, LLC Inc. dba CL Electronics, Inc. Inc. Communications, Ltd. Direct, LLC Networks Communications Inc. Solutions of a Lifetime LLC dba Car Supply Corporation LLC Solutions Public Safety, LLC Inc. Technologies Radio Service, Inc. t/a Communications Communications Inc.",1,1,0,2017-12-20,2017-12-20,100000000.0,0,100000000.0,0.0,0.0,,0,"item covers several vendors, so the money is not one contract's",1
COK34349,DIT,Various,1,0,1,2024-01-31,2024-01-31,,100000000.0,100000000.0,,,,0,no original award inside the window - only later changes were captured,1
F50B2600044,DIT,strategic communications,1,1,0,2022-05-11,2022-05-11,98000000.0,0,98000000.0,0.0,0.0,,1,,0
COJ53285,MDL,accenture,1,0,1,2022-06-08,2022-06-08,,97759100.0,97759100.0,,,,0,no original award inside the window - only later changes were captured,0
D38B5600001,ELECTLAW,elections systems and software,1,1,0,2026-07-22,2026-07-22,84909901.0,0,84909901.0,0.0,0.0,,0,"awarded in 2026, after the 2022 cutoff - not enough time to have been modified",0
COL21530,DGS,Various,1,0,1,2025-11-19,2025-11-19,,80000000.0,80000000.0,,,,0,no original award inside the window - only later changes were captured,1
W00B6600027,MSP,colossus d b a interact public safety systems,1,1,0,2025-11-19,2025-11-19,77793533.0,0,77793533.0,0.0,0.0,,0,"awarded in 2025, after the 2022 cutoff - not enough time to have been modified",0
F50B2600045,DIT,1 1 skyline technology solutions,1,0,1,2023-06-07,2023-06-07,,77625000.0,77625000.0,,,,0,no original award inside the window - only later changes were captured,1
COK32667,DIT,digital management,1,0,1,2024-01-31,2024-01-31,,70000000.0,70000000.0,,,,0,no original award inside the window - only later changes were captured,0
COK36585,DIT,strategic communications,1,0,1,2025-01-08,2025-01-08,,70000000.0,70000000.0,,,,0,no original award inside the window - only later changes were captured,0
COI10979,DOHR,.. Award List Below:,1,0,1,2021-04-07,2021-04-07,,68779600.0,68779600.0,,,,0,no original award inside the window - only later changes were captured,1
J04B400015,DOT/MVA,fast enterprises,1,1,0,2018-04-04,2018-04-04,66864484.0,0,66864484.0,0.0,0.0,,1,,0
J05B2600003,DOT/MTA,scheidt and bachmann usa,1,1,0,2021-10-06,2021-10-06,63640693.0,0,63640693.0,0.0,0.0,,1,,0
COJ56504,DOT/MdTA,transcore,1,0,1,2022-07-27,2022-07-27,,63106811.0,63106811.0,,,,0,no original award inside the window - only later changes were captured,0
COG89924,DIT,"-- Consulting Century Technologies Computer Solutions Systems, Inc. Consulting, LLC Information Inc. & Associates, LLC Solutions, Inc. (ASI) LLC Digital Systems Vision Systems, Industries Inc. Information Corporation Technical Solutions, LLC LLC International, Inc. Ventures Geographics, Inc. Technology (ATS) Wireless LAN, Inc. Global Holdings, dba Solutions Incorporated Corporation Advanced Software Infosys Inc. Corp. & Associates, Inc. Inquiry Schell Enterprises, Geospatial, LLC LLC Consulting, Inc. Cobb Associates Enterprises, Inc. dba Works Technologies, Dunn, McNeil Technologies, Collar Objects, Solutions, Solutions, Grant Inc. Inc. Communications, Consulting, Computing Inc. Management Inc. Solutions Inc. Inc. Inc. Severn HILL, Inc. LLC Inc. Group, Inc. Devices, LTD Network Services, LLP Services, Inc. LLC Camp, Inc. Aid, Inc. (CAI) Consultants Inc. (CCI) Technology Management Government Solutions Technology & Energy Telecommunications Consulting Software Systems Consulting, Inc. Computers, Inc. Group, Inc. Networks, Inc. LLC Technologies, Inc. Inc. Systems, Inc. Corporation Corporation Solutions, Inc. Consulting, LLC Processing Solutions, DP Solutions, Inc. Consulting, LLC Federal, Inc. Consulting, LLC Synergies, Inc. Research Corp. Corporation Engineering Consulting, Inc. Systems (ESI) Tech Group, Inc. & Consulting, Inc. Inc. Inc. Technology, Inc. Elite Services, Inc. Inc. Corporation Inc. Enterprise Wide Inc. Facts, LLC Partners, Inc. Corporation Systems, LLC Data Systems, Inc. Engineering Inc. Consulting, LLC Federal Corporation Point Systems, Inc. Technologies, LLC Circle Solutions, Inc. Solutions, LLC Technology, LLC Laboratories Int'l Technologies, Inc. Nest LLC Consulting Inc. Z, Inc. Patel & Associates, Inc. Corp. Hartford Enterprise Services, LLC LLC International Systems, Inc. Inc. Technologies, Inc. Inc. Management Inc. (IMC) Services, LLC Global, LLC Data Solutions Technology Consulting Corporation Projects Svs (IPCS) Software Information Inc. (Interra IT) Consulting Inc. Tech, Inc. Data Solutions, Inc. Total Solutions Net, Inc. Communications, LLC Management & Inc. Associates, Inc. Consulting & LLC Mirmiran & Inc. dba JMT Group Networking Group Technologies Inc. Development Companies, LLC Technology Solutions LLC Advantage Inc. Services, Inc. Consulting, Inc. LLP Tech Solutions Robert Kimball & National Security Inc. (L-3 STRATIS) Systems, Inc. of Sight LLC Dimples II Consulting, Inc. Technology Satyam Information Enterprises, Inc. Corporation & Associates Inc. Technologies, Inc. Communications, Inc. Business Network Technologies, LLC Consultants, Inc. Baker Jr., Inc. Records Company Enterprises) LLC Inc. Inc. Technologies Inc. Technologies Inc. Inc. Inc. Technologies, Inc. Inc. Management Technologies, Inc. LLC Light Technologies Consulting, Inc. Technologies, Inc. Solutions, Inc. Corporation Distribution dba Technologies Solutions and Inc. (OST) Solutions, Inc. Technology Consulting Consulting LLC (i4DM) Aerial Survey's Inc. Science Technologies Installations Group, Plexus Communications Human Services, Studies) task Group, Inc. Networked Team, LLC Personnel Group, Pax Inc. & Associates, Inc. Technology, Inc. Rea Corp. Resource Solutions Inc. P.C. Consulting Consultants, Inc. D. McQueen & Computing, Inc. Consulting Klepper & Kahl, Communications Inc. Inc. International Group Technology Partners, Computer Solutions Solutions Group, LLC Network LLC dba Skyline Solutions Inc. Enterprises, Inc. International Productivity Inc. Consortium, Inc. Engineering (SES) Performance Inc. 3, LLC Networks, LLC Systems Associates, Net, Inc. Solutions Inc. Solutions Software Business Solutions Tech Consulting, Inc. Inc. Technologies Corp. Systems & Services Inc. Automation Alliance, Inc. Conglomerate, Inc. Consulting, Inc. Inc. LLC Specialties, Inc. Business Solutions, Communications, Inc. Inc. Consultants (TCC Software First Choice, LLC dba Canton Group Index Group, Inc. Innovation Network IQ Business Group, Inc. Kerr Company NERDS Group Test Control Company, Sigma Software, Inc. Technologies Group Resource Inc. Business Inc. Systems Group Technical Services, Technology Corp. Corporation Inc. Solutions, LLC Adaptive Services (UACS) USmax Corporation Group, Inc. Associates, LLC Inc. Inc. LLC Solutions, LLC Solutions, Inc. Link, LLC Integration LLC (VIP) Management LLC (V-PMC) Solution, Inc. Bail, Cox & LLC (WBCM) Traits, Inc. Inc. Consulting Inc. LLC Solutions & Associates, LLC State & Local (formerly ACS) Consulting Group",1,0,1,2016-08-17,2016-08-17,,60000000.0,60000000.0,,,,0,no original award inside the window - only later changes were captured,1
COH56290,DIT,Various,1,0,1,2018-04-18,2018-04-18,,60000000.0,60000000.0,,,,0,no original award inside the window - only later changes were captured,1
COI41018,DGS,Various,1,0,1,2019-10-30,2019-10-30,,58000000.0,58000000.0,,,,0,no original award inside the window - only later changes were captured,1
J02B6400004,DOT/SHA,csc government solutions,2,1,1,2016-05-11,2021-04-21,27221970.0,29224492.0,56446462.0,29224492.0,107.36,59,1,,0
F50B4400105,DIT,triad technology partners,2,0,2,2017-12-20,2026-04-01,,53306597.0,53306597.0,,,,0,no original award inside the window - only later changes were captured,0
060B2490024,DIT,shi international,4,0,4,2016-04-27,2019-01-02,,51000000.0,51000000.0,,,,0,no original award inside the window - only later changes were captured,0
060B7400081,DIT,deloitte consulting services,1,1,0,2017-04-26,2017-04-26,50000000.0,0,50000000.0,0.0,0.0,,1,,0
COJ19674,DIT,".. Computer Integrators Computer Corporation Technology Services Technologies, Inc. left blank Communications Runs Computers, Inc. Networks, Inc. Solutions, Inc. Inc. Systems Inc. Solutions, LLC Services Technology, Inc. Inc. Computers, LLC Consulting, LLC Public Safety Inc. Consulting, LLC Hartford Technology Solutions, Information Inc. Essentials, LLC Technologies Technologies & Inc. LLC Communication Group OCG Telecom IT Solutions Information Systems Consulting Group, Inc. Solutions, Inc. Technology Partners, Information Technology International Corp. Enterprises, Inc. Productivity Inc. Technology Solutions Computer Supply Inc. Inc. d/b/a Frank Canterbury Corp. Global Solutions Communications, Inc.",1,0,1,2021-06-16,2021-06-16,,50000000.0,50000000.0,,,,0,no original award inside the window - only later changes were captured,1
COK53160,DGS,carahsoft technology,1,0,1,2024-07-03,2024-07-03,,50000000.0,50000000.0,,,,0,no original award inside the window - only later changes were captured,0
COK48774,DOT/MTA,transcore,1,0,1,2024-08-28,2024-08-28,,49159268.0,49159268.0,,,,0,no original award inside the window - only later changes were captured,0
COL34540,DGS,fei com,1,0,1,2026-07-22,2026-07-22,,48313156.0,48313156.0,,,,0,no original award inside the window - only later changes were captured,1
COI56929,DIT,deloitte consulting,1,0,1,2020-05-20,2020-05-20,,48300000.0,48300000.0,,,,0,no original award inside the window - only later changes were captured,0
J01B6400027,DOT,deloitte consulting,1,1,0,2017-02-08,2017-02-08,44800000.0,0,44800000.0,0.0,0.0,,1,,0
COK02779,DOT/MdTA,transcore,1,0,1,2023-07-05,2023-07-05,,44317718.0,44317718.0,,,,0,no original award inside the window - only later changes were captured,0
COI39725,DIT,motorola,1,0,1,2022-08-31,2022-08-31,,43127318.0,43127318.0,,,,0,no original award inside the window - only later changes were captured,0
Q00B9400038,PS,global tel link gtl,1,1,0,2019-08-14,2019-08-14,42915009.0,0,42915009.0,0.0,0.0,,1,,0
001B3600339,DGS,shi international,1,1,0,2023-04-19,2023-04-19,40411549.0,0,40411549.0,0.0,0.0,,0,"awarded in 2023, after the 2022 cutoff - not enough time to have been modified",0
D38B5600002,ELECTLAW,tenex software solutions,1,1,0,2025-12-03,2025-12-03,40092333.0,0,40092333.0,0.0,0.0,,0,"awarded in 2025, after the 2022 cutoff - not enough time to have been modified",0
COL24997,DOT/MdTA,transcore,1,0,1,2026-01-07,2026-01-07,,38518558.0,38518558.0,,,,0,no original award inside the window - only later changes were captured,0
COK07300,EDUC,deloitte consulting,1,0,1,2023-06-21,2023-06-21,,37348164.0,37348164.0,,,,0,no original award inside the window - only later changes were captured,0
COL15262,DBM,oakland consulting group,1,0,1,2025-08-27,2025-08-27,,36646931.0,36646931.0,,,,0,no original award inside the window - only later changes were captured,0
E00B1600043,COMP,teradata government systems,1,1,0,2021-06-02,2021-06-02,36255316.0,0,36255316.0,0.0,0.0,,1,,0
COJ18663,DIT,sada systems,1,0,1,2021-08-11,2021-08-11,,35198946.0,35198946.0,,,,0,no original award inside the window - only later changes were captured,0
060B6400046,DIT,"-- Underground Underground Telecommunications LLC Media Technologies, Inc. Communications, & Consulting, LLC Technical Services, LTC Inc. & McCoy Technologies Communications Electronic Group, Inc. Technology Inc. Communications Technology Inc. Innovations, LLC Installations, Inc. Rea Corp. IT Technology Solutions Enterprise, Inc. Specialties",1,1,0,2016-10-19,2016-10-19,35000000.0,0,35000000.0,0.0,0.0,,0,"item covers several vendors, so the money is not one contract's",1
COI62229,DGS,Various,1,0,1,2020-07-01,2020-07-01,,35000000.0,35000000.0,,,,0,no original award inside the window - only later changes were captured,1
COL024037,DIT,digital management,1,0,1,2026-01-07,2026-01-07,,35000000.0,35000000.0,,,,0,no original award inside the window - only later changes were captured,0
COK76182,DGS,a cyquent,1,1,0,2025-01-08,2025-01-08,34638103.0,0,34638103.0,0.0,0.0,,0,"awarded in 2025, after the 2022 cutoff - not enough time to have been modified",1
COK74890,DGS,b innosoft,1,1,0,2025-01-08,2025-01-08,34638103.0,0,34638103.0,0.0,0.0,,0,"awarded in 2025, after the 2022 cutoff - not enough time to have been modified",1
J2B5600017,DOT/SHA,general dynamics information technology,1,1,0,2026-05-20,2026-05-20,32073146.0,0,32073146.0,0.0,0.0,,0,"awarded in 2026, after the 2022 cutoff - not enough time to have been modified",0
N00B9200391,DOHR/OTHS,"Conduent State and Local Solutions (formerly Xerox State and Local Solutions, Inc.)",2,0,2,2017-12-06,2018-10-17,,31924320.0,31924320.0,,,,0,no original award inside the window - only later changes were captured,1
Q00B1600049,PS/IT&CD,fusion capital management d b a fusion,1,1,0,2020-10-21,2020-10-21,31214426.0,0,31214426.0,0.0,0.0,,1,,0
P00B5600012,MDL,".. Public Benefit Solutions, LLC",1,1,0,2024-10-02,2024-10-02,31200000.0,0,31200000.0,0.0,0.0,,0,"awarded in 2024, after the 2022 cutoff - not enough time to have been modified",1
001B0600408,DGS,shi international,1,1,0,2020-09-23,2020-09-23,30000000.0,0,30000000.0,0.0,0.0,,1,,0
S00B3600009,HCD,hp,1,1,0,2022-10-26,2022-10-26,30000000.0,0,30000000.0,0.0,0.0,,1,,0
COJ15086,DIT,".. Castle Fiber, LLC Telecom Holdings, Inc. Maryland, LLC Communications d/b/a Business Services Services, LLC Business LLC",1,0,1,2021-05-05,2021-05-05,,30000000.0,30000000.0,,,,0,no original award inside the window - only later changes were captured,1
060B9400040,DBM/OPSB,oakland consulting group,1,0,1,2018-10-17,2018-10-17,,29455000.0,29455000.0,,,,0,no original award inside the window - only later changes were captured,0
001B1600087,DGS,verizon wireless,1,1,0,2021-01-27,2021-01-27,28800000.0,0,28800000.0,0.0,0.0,,1,,0
COK47835,DGS,".. Wireless USA, Inc. Corp.",1,0,1,2024-06-05,2024-06-05,,28800000.0,28800000.0,,,,0,no original award inside the window - only later changes were captured,1
COI41010,DGS,Various,1,0,1,2019-10-30,2019-10-30,,28000000.0,28000000.0,,,,0,no original award inside the window - only later changes were captured,1
COJ04908,DOHR,"Conduent State & Local Solutins, Inc. (formerly known as Xerox State & Local Solutions, Inc.)",1,0,1,2021-01-06,2021-01-06,,27501968.0,27501968.0,,,,0,no original award inside the window - only later changes were captured,1
J05B7400014,DOT/MTA,trapeze software group,1,1,0,2017-04-26,2017-04-26,27449855.0,0,27449855.0,0.0,0.0,,1,,0
E75B1600009,LOTT,igt global solutions,1,1,0,2021-04-07,2021-04-07,26931024.0,0,26931024.0,0.0,0.0,,1,,0
P00B56000023,MDL,sagitec solutions,1,1,0,2024-11-20,2024-11-20,26247800.0,0,26247800.0,0.0,0.0,,0,"awarded in 2024, after the 2022 cutoff - not enough time to have been modified",0
P00B1600109,MDL,alorica,1,0,1,2021-10-20,2021-10-20,,26237520.0,26237520.0,,,,0,no original award inside the window - only later changes were captured,0
COL02441,DGS,shi international,1,0,1,2025-07-02,2025-07-02,,25572385.0,25572385.0,,,,0,no original award inside the window - only later changes were captured,0
M00B5600353,MDH,gcom software,1,1,0,2024-12-18,2024-12-18,25564346.0,0,25564346.0,0.0,0.0,,0,"awarded in 2024, after the 2022 cutoff - not enough time to have been modified",0
COK04478,MDH,fei systems,1,0,1,2023-07-19,2023-07-19,,25196040.0,25196040.0,,,,0,no original award inside the window - only later changes were captured,0
COJ24460,DIT,digital management,1,0,1,2021-07-28,2021-07-28,,25000000.0,25000000.0,,,,0,no original award inside the window - only later changes were captured,0
COG80048,DIT,--,1,0,1,2016-07-27,2016-07-27,,24000000.0,24000000.0,,,,0,no original award inside the window - only later changes were captured,1
COJ84378,COMP,revenue solutions,1,0,1,2023-11-29,2023-11-29,,23960487.0,23960487.0,,,,0,no original award inside the window - only later changes were captured,0
060B6400007,DIT,carahsoft technology,2,1,1,2016-01-27,2023-02-15,15000000.0,7000000.0,22000000.0,7000000.0,46.67,85,1,,0
D38B1600001,ELECTLAW,elections systems and software es and s,1,0,1,2020-09-23,2020-09-23,,21982406.0,21982406.0,,,,0,no original award inside the window - only later changes were captured,0
COL19553,ELECTLAW,radiant innovative,1,0,1,2025-11-19,2025-11-19,,21722312.5,21722312.5,,,,0,no original award inside the window - only later changes were captured,1
COK88115,DIT,skyline technology solutions,1,0,1,2025-05-21,2025-05-21,,21466424.0,21466424.0,,,,0,no original award inside the window - only later changes were captured,0
COK38300,DBM/OPSB,oakland consulting group,1,0,1,2024-04-03,2024-04-03,,21202500.0,21202500.0,,,,0,no original award inside the window - only later changes were captured,0
M00B5600301,MDH,dentaquest of maryland,1,1,0,2025-01-29,2025-01-29,20987525.0,0,20987525.0,0.0,0.0,,0,"awarded in 2025, after the 2022 cutoff - not enough time to have been modified",0
F50B9400020,DIT,hamilton telephone,1,1,0,2020-01-29,2020-01-29,20874737.0,0,20874737.0,0.0,0.0,,1,,0
COJ53904,MDL,sagitec solutions,1,0,1,2022-07-27,2022-07-27,,20397564.0,20397564.0,,,,0,no original award inside the window - only later changes were captured,0
060B0600016,DIT,nic usa,5,1,4,2019-07-24,2023-02-15,9000000.0,11250000.0,20250000.0,11250000.0,125.0,14,1,,0
060B7400056,DIT,"-- Georgraphics, Inc. Spatial Consulting & Tech. LLC Technologies Solutions, LLC Inc. Solutions Research, Inc. Baker International",3,3,0,2018-06-20,2023-07-19,10000000.0,0,20112916.67,10112916.67,101.13,,0,"item covers several vendors, so the money is not one contract's",1
J01B6400014,DOT/SHA,communications electronics cei,1,0,1,2020-11-04,2020-11-04,,20110000.0,20110000.0,,,,0,no original award inside the window - only later changes were captured,0
060B6400011,DIT,day 1 solutions,1,1,0,2016-01-27,2016-01-27,20000000.0,0,20000000.0,0.0,0.0,,1,,0
F50B2600050,DIT,carahsoft technology,2,1,1,2022-06-08,2023-06-07,10000000.0,10000000.0,20000000.0,10000000.0,100.0,12,1,,0
COI21625,DIT,deloitte consulting,1,0,1,2019-07-03,2019-07-03,,20000000.0,20000000.0,,,,0,no original award inside the window - only later changes were captured,0
COI84152,DIT,digital management,1,0,1,2020-11-18,2020-11-18,,20000000.0,20000000.0,,,,0,no original award inside the window - only later changes were captured,0
COL03997,DIT,digital management,1,0,1,2025-07-16,2025-07-16,,20000000.0,20000000.0,,,,0,no original award inside the window - only later changes were captured,0
COL30990,DIT,Various,1,0,1,2026-04-01,2026-04-01,,20000000.0,20000000.0,,,,0,no original award inside the window - only later changes were captured,1
001B5600375,DGS,kpmg,1,1,0,2025-05-21,2025-05-21,19810000.0,0,19810000.0,0.0,0.0,,0,"awarded in 2025, after the 2022 cutoff - not enough time to have been modified",0
COL24999,DOT/MdTA,kapsch trafficcom usa,1,0,1,2026-01-07,2026-01-07,,19788506.0,19788506.0,,,,0,no original award inside the window - only later changes were captured,0
F50B3600006,DIT,blackwood associates,1,1,0,2022-11-16,2022-11-16,19631000.0,0,19631000.0,0.0,0.0,,1,,0
M00B4600179,MDH,netsmart technologies,1,1,0,2023-09-20,2023-09-20,19450000.0,0,19450000.0,0.0,0.0,,0,"awarded in 2023, after the 2022 cutoff - not enough time to have been modified",0
060B2490001,DIT,sada systems,1,0,1,2016-07-06,2016-07-06,,18719250.0,18719250.0,,,,0,no original award inside the window - only later changes were captured,0
COK39034,DOT/MdTA,kapsch trafficcom usa,1,0,1,2024-05-15,2024-05-15,,16130377.0,16130377.0,,,,0,no original award inside the window - only later changes were captured,0
COJ51869,DIT,deloitte consulting,1,0,1,2022-04-06,2022-04-06,,16000000.0,16000000.0,,,,0,no original award inside the window - only later changes were captured,0
COK85945,MDH,conduent state healthcare,1,0,1,2025-05-21,2025-05-21,,15902049.0,15902049.0,,,,0,no original award inside the window - only later changes were captured,0
D53B7400005,MIEMSS,overland contracting,1,1,0,2018-05-16,2018-05-16,15748800.0,0,15748800.0,0.0,0.0,,1,,0
COJ14373,DOHR/OTHS,Conduent State & Local Solutions (formerly Xerox State and Local Solutions),1,0,1,2021-05-19,2021-05-19,,15645635.0,15645635.0,,,,0,no original award inside the window - only later changes were captured,1
J01B1600034,DOT,bentley systems,1,1,0,2021-07-07,2021-07-07,15146924.0,0,15146924.0,0.0,0.0,,1,,0
060B7400091,DIT,deloitte consulting,1,1,0,2017-05-24,2017-05-24,15000000.0,0,15000000.0,0.0,0.0,,1,,0
001B3600044,DGS,carahsoft technology,1,1,0,2023-09-06,2023-09-06,15000000.0,0,15000000.0,0.0,0.0,,0,"awarded in 2023, after the 2022 cutoff - not enough time to have been modified",0
001B5600002,DGS,".. Telecommunication Technologies, Inc. Communications Technologies Electronics Group, Inc. One Technology Corp Technology Group Installation, Inc. Information Technology Technology LLC Maryland Cable, Inc. Specialties, Inc. Technologies, LLC",1,1,0,2024-08-07,2024-08-07,15000000.0,0,15000000.0,0.0,0.0,,0,"awarded in 2024, after the 2022 cutoff - not enough time to have been modified",1
P00B3400033,DLLR,"Conduent State and Local Solutions (formerly Xerox State and Local Solutions, Inc.)",1,0,1,2018-01-03,2018-01-03,,14886520.0,14886520.0,,,,0,no original award inside the window - only later changes were captured,1
J01B7400006,DOT,bentley systems,1,1,0,2016-07-06,2016-07-06,14504504.0,0,14504504.0,0.0,0.0,,1,,0
F50B7400013,DBM,performa software usa,3,1,2,2016-09-07,2021-09-01,8496911.0,5955635.0,14452546.0,5955635.0,70.09,36,1,,0
COJ82430,DGS,shi international,1,0,1,2023-04-19,2023-04-19,,13786350.0,13786350.0,,,,0,no original award inside the window - only later changes were captured,0
J2B0600002,DOT/SHA,whitney bailey cox and magnani,1,0,1,2026-02-18,2026-02-18,,12580722.0,12580722.0,,,,0,no original award inside the window - only later changes were captured,1
001B3600087,DGS,verizon maryland,1,1,0,2024-07-17,2024-07-17,12329199.0,0,12329199.0,0.0,0.0,,0,"awarded in 2024, after the 2022 cutoff - not enough time to have been modified",0
D38B7400011,ELECTLAW,elections systems and software,3,0,3,2017-02-08,2017-11-01,,12053772.0,12053772.0,,,,0,no original award inside the window - only later changes were captured,0
COG64150,DIT,"-- Systems, Inc. Technologies, Inc. Technology Group, Telesis, Inc. Technology Inc. (ATS) Technology Group Technologies, Inc. Associates, Inc. Technologies Corporation Industries Severn, Inc. Government, Inc. BTS Computers, Inc. Networks of America, Processing Solutions Marketing, L.P. Corporation Data, Inc. Solutions Inc. Systems, Inc. Systems, Inc. (ESI) LLC (Emergent) Technology, Inc. Inc. Parsons Co. (TSRC, Frank Parsons Co.) Network Inc. Corp. Harford, Inc. Company Solutions Net, Inc. Total Solutions Technology Solutions, Information Inc. Information Inc. Essentials, LLC Inc. Inc. Imaging Systems Technologies, Inc. P. Pipino Assoc., Inc. North America Technology Office Solution Installations, Inc. IT Solutions Sales Inc. Networked Information Systems Computer Services, Office Technologies Americas Corporation Inc. Electronics Corp. International Computer Solutions, Technology Solutions Consulting Information Corp. (SIRC) Productivity Inc. Technology Solutions Computer Supply Alliance, Inc. Canton Group, LLC Adaptive Services, Inc. (UACS) Global Solutions, Inc. Corporation Corporation Info Systems",1,0,1,2016-03-23,2016-03-23,,12000000.0,12000000.0,,,,0,no original award inside the window - only later changes were captured,1
COJ51017,MDH,digital management,1,0,1,2022-04-27,2022-04-27,,12000000.0,12000000.0,,,,0,no original award inside the window - only later changes were captured,0
COK66851,MDH,gantech,1,0,1,2024-10-16,2024-10-16,,11860160.0,11860160.0,,,,0,no original award inside the window - only later changes were captured,0
W00B1600002,MSP,colossus d b a interact public safety systems,1,1,0,2020-10-21,2020-10-21,11714705.0,0,11714705.0,0.0,0.0,,1,,0
COJ14100,DOHR/OTHS,Conduent State & Local Solutions (formerly Xerox State and Local Solutions),1,0,1,2021-05-19,2021-05-19,,11480767.0,11480767.0,,,,0,no original award inside the window - only later changes were captured,1
D38B4600011,ELECTLAW,elections systems and software,1,0,1,2024-04-03,2024-04-03,,11153023.0,11153023.0,,,,0,no original award inside the window - only later changes were captured,0
F50B4600040,DIT,carahsoft technology,1,1,0,2024-06-05,2024-06-05,10930600.0,0,10930600.0,0.0,0.0,,0,"awarded in 2024, after the 2022 cutoff - not enough time to have been modified",0
D38B3600008,ELECTLAW,elections systems and software,1,0,1,2023-03-01,2023-03-01,,10822841.0,10822841.0,,,,0,no original award inside the window - only later changes were captured,0
J05B3600011,DOT/MTA,genfare,1,1,0,2023-11-08,2023-11-08,10496611.0,0,10496611.0,0.0,0.0,,0,"awarded in 2023, after the 2022 cutoff - not enough time to have been modified",0
F50B3400034,DIT,"-- Solutions, Inc. Management LLC Corp d/b/a Tekskills, Inc. Inc. Solutions, Inc.",2,0,2,2016-12-07,2017-06-07,,10490800.0,10490800.0,,,,0,no original award inside the window - only later changes were captured,1
D38B1600007,ELECTLAW,netorian,1,0,1,2020-12-02,2020-12-02,,10276353.0,10276353.0,,,,0,no original award inside the window - only later changes were captured,0
COK70069,COMP,serigor,1,0,1,2024-10-16,2024-10-16,,10222717.0,10222717.0,,,,0,no original award inside the window - only later changes were captured,1
COJ57133,DOHR,conduent state and local solutions,1,0,1,2022-06-22,2022-06-22,,10186845.0,10186845.0,,,,0,no original award inside the window - only later changes were captured,0
E20B4600001,TREAS,a and t systems,1,1,0,2023-08-23,2023-08-23,10006341.0,0,10006341.0,0.0,0.0,,0,"awarded in 2023, after the 2022 cutoff - not enough time to have been modified",0
WCCB9400003,WORKCOMP,"-- Inc. Technologies, LLC",1,1,0,2018-08-22,2018-08-22,10001752.0,0,10001752.0,0.0,0.0,,0,"item covers several vendors, so the money is not one contract's",1
001B1600418,DGS,emaint enterprises,1,1,0,2021-06-16,2021-06-16,10000000.0,0,10000000.0,0.0,0.0,,1,,0
COG93280,DIT,"-- Wireless USA Mobility Solutions, Inc.",1,0,1,2016-09-21,2016-09-21,,10000000.0,10000000.0,,,,0,no original award inside the window - only later changes were captured,1
0606B9800036,DIT,motorola,1,0,1,2017-04-05,2017-04-05,,10000000.0,10000000.0,,,,0,no original award inside the window - only later changes were captured,0
COJ11784,DGS,carahsoft technology,1,0,1,2021-03-10,2021-03-10,,10000000.0,10000000.0,,,,0,no original award inside the window - only later changes were captured,0
COL30876,DGS,carahsoft technology,1,0,1,2026-04-01,2026-04-01,,10000000.0,10000000.0,,,,0,no original award inside the window - only later changes were captured,0
COK33048,DIT,triad technology partners,1,0,1,2024-01-17,2024-01-17,,9580656.0,9580656.0,,,,0,no original award inside the window - only later changes were captured,0
COK29405,MSP,colossus d b a interact public safety systems,1,0,1,2023-11-29,2023-11-29,,9184811.0,9184811.0,,,,0,no original award inside the window - only later changes were captured,0
COI56769,MDH,ntt data,1,0,1,2020-05-06,2020-05-06,,9180308.0,9180308.0,,,,0,no original award inside the window - only later changes were captured,0
060B6400028,DIT,-- Systems Institute Inc. Geospatial Bowes,1,1,0,2016-06-22,2016-06-22,9000000.0,0,9000000.0,0.0,0.0,,0,"item covers several vendors, so the money is not one contract's",1
F50B2600048,DIT,.. Inc. Network Group LLC,1,1,0,2022-06-08,2022-06-08,9000000.0,0,9000000.0,0.0,0.0,,0,"item covers several vendors, so the money is not one contract's",1
M00B6400536,HMH,social and scientific systems,1,1,0,2016-04-27,2016-04-27,8975088.0,0,8975088.0,0.0,0.0,,1,,0
COK62616,PS,thales dis usa,1,0,1,2024-09-11,2024-09-11,,8872226.0,8872226.0,,,,0,no original award inside the window - only later changes were captured,0
COJ56495,DOT/MdTA,kapsch trafficcom usa,1,0,1,2022-07-27,2022-07-27,,8764758.0,8764758.0,,,,0,no original award inside the window - only later changes were captured,0
COJ26509,DIT,deloitte consulting,1,0,1,2021-10-06,2021-10-06,,8750000.0,8750000.0,,,,0,no original award inside the window - only later changes were captured,0
C0K00983,HCD,tetra tech,1,0,1,2023-04-19,2023-04-19,,8731238.0,8731238.0,,,,0,no original award inside the window - only later changes were captured,0
Q00B2600053,PS,911 security,1,1,0,2022-03-23,2022-03-23,8400000.0,0,8400000.0,0.0,0.0,,1,,0
D38B1600008,ELECTLAW,ab innovative now radiant innovative,1,0,1,2020-12-02,2020-12-02,,8256754.0,8256754.0,,,,0,no original award inside the window - only later changes were captured,0
COH52278,PS,global tel link gtl,1,0,1,2018-03-07,2018-03-07,,8110362.0,8110362.0,,,,0,no original award inside the window - only later changes were captured,0
001B4600119,DGS,centurylink communications d b a lumen technologies group,1,1,0,2024-02-28,2024-02-28,8000000.0,0,8000000.0,0.0,0.0,,0,"awarded in 2024, after the 2022 cutoff - not enough time to have been modified",0
COJ07991,DIT,triad technology partners,1,0,1,2021-02-24,2021-02-24,,7838402.0,7838402.0,,,,0,no original award inside the window - only later changes were captured,0
E00B1600005,COMP,ca,1,1,0,2020-12-16,2020-12-16,7746115.0,0,7746115.0,0.0,0.0,,1,,0
F10B2600044,DBM,jonas collections and recovery,1,1,0,2022-06-22,2022-06-22,7692006.0,0,7692006.0,0.0,0.0,,1,,0
R00B2600106,EDUC,powerschool,1,1,0,2022-07-06,2022-07-06,7631251.0,0,7631251.0,0.0,0.0,,1,,0
F50B4600035,DIT,tierpoint,1,1,0,2024-10-30,2024-10-30,7500000.0,0,7500000.0,0.0,0.0,,0,"awarded in 2024, after the 2022 cutoff - not enough time to have been modified",0
J02B3400175,DOT,dk consulting,1,1,0,2025-10-22,2025-10-22,7270646.0,0,7270646.0,0.0,0.0,,0,"awarded in 2025, after the 2022 cutoff - not enough time to have been modified",1
Q00B9400001,PS/IT&CD,business and decision north america,1,1,0,2018-11-14,2018-11-14,7212500.0,0,7212500.0,0.0,0.0,,1,,0
COJ78081,EDUC,deloitte consulting,1,0,1,2022-09-14,2022-09-14,,7192247.0,7192247.0,,,,0,no original award inside the window - only later changes were captured,0
COJ92910,DOHR/OTHS,conduent state and local solutions,1,0,1,2023-06-07,2023-06-07,,7142604.0,7142604.0,,,,0,no original award inside the window - only later changes were captured,0
J05B4600007,DOT/MTA,trapeze software group,1,1,0,2024-04-03,2024-04-03,7084650.0,0,7084650.0,0.0,0.0,,0,"awarded in 2024, after the 2022 cutoff - not enough time to have been modified",0
E00B6600030,COMP,ibm,1,1,0,2026-06-18,2026-06-18,7030292.0,0,7030292.0,0.0,0.0,,0,"awarded in 2026, after the 2022 cutoff - not enough time to have been modified",0
60B3490013,DIT,verizon maryland,1,0,1,2021-06-02,2021-06-02,,7021192.0,7021192.0,,,,0,no original award inside the window - only later changes were captured,0
COJ16776,DIT,"-- Geographics, Inc. Consulting & Training Technologies Transfer Solutions, Pictometry International Corp.) Inc. Solutions Research Technologies Baker International Inc.",1,0,1,2021-06-02,2021-06-02,,7000000.0,7000000.0,,,,0,no original award inside the window - only later changes were captured,1
E20B6600001,TREAS,a and t systems,1,0,1,2025-08-27,2025-08-27,,6993115.0,6993115.0,,,,0,no original award inside the window - only later changes were captured,0
J1B4600038,DOT/MdTA,maxel,1,1,0,2026-02-18,2026-02-18,6960576.0,0,6960576.0,0.0,0.0,,0,"awarded in 2026, after the 2022 cutoff - not enough time to have been modified",1
J04B1600007,DOT/MVA,ms technologies,1,1,0,2021-03-24,2021-03-24,6734566.0,0,6734566.0,0.0,0.0,,1,,0
COK41200,PS,nextgen healthcare,1,0,1,2024-06-05,2024-06-05,,6730458.0,6730458.0,,,,0,no original award inside the window - only later changes were captured,0
W00B9400015,MSP,axon enterprises,1,1,0,2018-08-22,2018-08-22,6724940.0,0,6724940.0,0.0,0.0,,1,,0
R00B2600110,EDUC,shi international,1,1,0,2022-09-14,2022-09-14,6602134.0,0,6602134.0,0.0,0.0,,1,,0
C0I08680,DOHR,"Conduent State & Local Solutions, Inc. (formerly known as Xerox State & Local Solutions, Inc.)",1,0,1,2019-05-08,2019-05-08,,6451337.0,6451337.0,,,,0,no original award inside the window - only later changes were captured,1
BPM036781,DIT,applied technology services,1,1,0,2023-06-07,2023-06-07,6429899.0,0,6429899.0,0.0,0.0,,0,"awarded in 2023, after the 2022 cutoff - not enough time to have been modified",0
E00B4600031,COMP,ibm,1,1,0,2024-05-15,2024-05-15,6283738.0,0,6283738.0,0.0,0.0,,0,"awarded in 2024, after the 2022 cutoff - not enough time to have been modified",0
P00B3600033,MDL,voxai solutions,1,1,0,2023-09-20,2023-09-20,6211507.0,0,6211507.0,0.0,0.0,,0,"awarded in 2023, after the 2022 cutoff - not enough time to have been modified",0
060B8400058,DIT,bi,1,1,0,2019-03-20,2019-03-20,6173063.0,0,6173063.0,0.0,0.0,,1,,0
E00B2600026,COMP,ibm,1,1,0,2022-05-11,2022-05-11,6123381.0,0,6123381.0,0.0,0.0,,1,,0
COJ23146,TREAS,a and t systems,2,0,2,2021-09-01,2022-12-07,,6120573.0,6120573.0,,,,0,no original award inside the window - only later changes were captured,0
M00B6600396,MDH,carahsoft technology,1,1,0,2025-11-05,2025-11-05,6116165.0,0,6116165.0,0.0,0.0,,0,"awarded in 2025, after the 2022 cutoff - not enough time to have been modified",0
E20B6600006,TREAS,a and t systems,1,1,0,2026-01-07,2026-01-07,6113589.0,0,6113589.0,0.0,0.0,,0,"awarded in 2026, after the 2022 cutoff - not enough time to have been modified",0
Q00B8400021,PS,gemalto cogent,1,1,0,2018-12-19,2018-12-19,6052369.0,0,6052369.0,0.0,0.0,,1,,0
J01B6400040,DOT,ibm,1,1,0,2016-05-25,2016-05-25,6023029.0,0,6023029.0,0.0,0.0,,1,,0
E00B0600019,COMP,ibm,1,1,0,2020-03-04,2020-03-04,5976474.0,0,5976474.0,0.0,0.0,,1,,0
J02B0600023,DOT/SHA,g r patel and associates,1,1,0,2021-06-02,2021-06-02,5952960.0,0,5952960.0,0.0,0.0,,1,,0
COK00306,WORKCOMP,".. Inc. Technologies, LLC",1,0,1,2023-07-05,2023-07-05,,5925900.0,5925900.0,,,,0,no original award inside the window - only later changes were captured,1
COH85381,MDH,cognosante consulting,1,0,1,2018-11-14,2018-11-14,,5777866.0,5777866.0,,,,0,no original award inside the window - only later changes were captured,0
R15B9400089,MPT,wgbh educational foundation,1,1,0,2018-10-03,2018-10-03,5761504.0,0,5761504.0,0.0,0.0,,1,,0
E00B8400037,COMP,ibm,1,1,0,2018-05-02,2018-05-02,5761477.0,0,5761477.0,0.0,0.0,,1,,0
COG56913,DOT/SHA,communications electronics cei,1,0,1,2018-12-19,2018-12-19,,5760000.0,5760000.0,,,,0,no original award inside the window - only later changes were captured,0
060B8400039,DIT,data management formerly time clocks plus,1,1,0,2019-05-08,2019-05-08,5750000.0,0,5750000.0,0.0,0.0,,1,,0
J01B1600031,DOT,ibm,1,1,0,2021-06-02,2021-06-02,5723731.0,0,5723731.0,0.0,0.0,,1,,0
R15B3600020,MPT,contributor development partnership member service bureau,1,1,0,2022-10-26,2022-10-26,5709562.0,0,5709562.0,0.0,0.0,,1,,0
F50B56000XX,DIT,carahsoft technology,1,1,0,2024-10-16,2024-10-16,5699250.0,0,5699250.0,0.0,0.0,,0,"awarded in 2024, after the 2022 cutoff - not enough time to have been modified",0
M00B6600056,MDH,tierpoint maryland,1,1,0,2026-04-22,2026-04-22,5652939.0,0,5652939.0,0.0,0.0,,0,"awarded in 2026, after the 2022 cutoff - not enough time to have been modified",0
060B1400055,DIT,colossus d b a interact public safety systems,2,0,2,2017-10-18,2018-10-17,,5600000.0,5600000.0,,,,0,no original award inside the window - only later changes were captured,0
E00B2600030,COMP,serigor,1,0,1,2026-03-04,2026-03-04,,5547933.0,5547933.0,,,,0,no original award inside the window - only later changes were captured,1
COK74823,PS,conduent state and local solutions,1,1,0,2024-11-20,2024-11-20,5513253.0,0,5513253.0,0.0,0.0,,0,"awarded in 2024, after the 2022 cutoff - not enough time to have been modified",1
M00B9400464,MDH,dxc technology services,1,1,0,2019-06-05,2019-06-05,5500000.0,0,5500000.0,0.0,0.0,,1,,0
CTR012881,DIT,carahsoft technology,1,1,0,2023-06-07,2023-06-07,5465300.0,0,5465300.0,0.0,0.0,,0,"awarded in 2023, after the 2022 cutoff - not enough time to have been modified",0
Q00P5601386,SUP,applied technology services,1,1,0,2025-02-12,2025-02-12,5411275.0,0,5411275.0,0.0,0.0,,0,"awarded in 2025, after the 2022 cutoff - not enough time to have been modified",1
COJ51901,PS,nextgen healthcare,2,0,2,2022-06-08,2023-01-25,,5388919.0,5388919.0,,,,0,no original award inside the window - only later changes were captured,0
F50B4400006,DIT,"-- Inc. Inc. Technology Services Technology Services River Computer Services, Inc. Computer Concepts Inc. Services, LLC",1,1,0,2020-01-08,2020-01-08,5308302.0,0,5308302.0,0.0,0.0,,0,"item covers several vendors, so the money is not one contract's",1
OK45134,DIT,carahsoft technology,1,0,1,2024-06-05,2024-06-05,,5231691.0,5231691.0,,,,0,no original award inside the window - only later changes were captured,0
COI74248,MDL,sagitec solutions,1,0,1,2020-09-02,2020-09-02,,5229535.0,5229535.0,,,,0,no original award inside the window - only later changes were captured,0
COL34714,EDUC,powerschool,1,0,1,2026-06-03,2026-06-03,,5222720.0,5222720.0,,,,0,no original award inside the window - only later changes were captured,0
J01B6400003,DOT/MdTA,kapsch trafficcom usa formerly transdyn,1,1,0,2016-07-06,2016-07-06,5182510.0,0,5182510.0,0.0,0.0,,1,,0
N00B8400393,DOHR/OTHS,microsoft,1,1,0,2018-07-19,2018-07-19,5077294.0,0,5077294.0,0.0,0.0,,1,,0
060B9400116,DIT,verizon maryland,1,0,1,2019-05-08,2019-05-08,,5000000.0,5000000.0,,,,0,no original award inside the window - only later changes were captured,0
COJ22255,DIT,".. Inc. Research Inc. (ESRI) Inc. Corporation Hexagon Geospatial Bowes Software, Inc.",1,0,1,2021-07-28,2021-07-28,,5000000.0,5000000.0,,,,0,no original award inside the window - only later changes were captured,1
001B4600129,DGS,MCI Communication Services Inc. d/b/a Verizon Business Services (Verizon),1,1,0,2023-11-29,2023-11-29,5000000.0,0,5000000.0,0.0,0.0,,0,"awarded in 2023, after the 2022 cutoff - not enough time to have been modified",1
COL03326,DGS,verizon maryland,1,0,1,2025-07-16,2025-07-16,,5000000.0,5000000.0,,,,0,no original award inside the window - only later changes were captured,0
J05P560003,DOT/MTA,advanced computer concepts,1,1,0,2025-09-10,2025-09-10,4978704.68,0,4978704.68,0.0,0.0,,0,"awarded in 2025, after the 2022 cutoff - not enough time to have been modified",0
M00P4601565,MDH,applied technology services,1,1,0,2024-05-15,2024-05-15,4933064.0,0,4933064.0,0.0,0.0,,0,"awarded in 2024, after the 2022 cutoff - not enough time to have been modified",0
J05P4600051,DOT/MTA,applied technology services,1,1,0,2024-07-03,2024-07-03,4922209.44,0,4922209.44,0.0,0.0,,0,"awarded in 2024, after the 2022 cutoff - not enough time to have been modified",0
R95B1600001,BCCC,ellucian,1,1,0,2020-11-04,2020-11-04,4913982.0,0,4913982.0,0.0,0.0,,1,,0
COG87665,DOT/MTA,cubic transportation systems,1,0,1,2016-09-21,2016-09-21,,4881244.0,4881244.0,,,,0,no original award inside the window - only later changes were captured,0
COK26932,PS,a gantech,1,0,1,2023-11-08,2023-11-08,,4750000.0,4750000.0,,,,0,no original award inside the window - only later changes were captured,1
COK26957,PS,b conduent state and local solutions,1,0,1,2023-11-08,2023-11-08,,4750000.0,4750000.0,,,,0,no original award inside the window - only later changes were captured,1
COK79679,ELECTLAW,koniag services,1,0,1,2025-04-23,2025-04-23,,4734774.87,4734774.87,,,,0,no original award inside the window - only later changes were captured,0
COI12256,DIT,"-- Inc. (formerly Bodhtree) Systems, Inc. Inc. Consortium, Inc.",1,0,1,2019-05-22,2019-05-22,,4500000.0,4500000.0,,,,0,no original award inside the window - only later changes were captured,1
COK03599,DIT,verizon maryland,1,0,1,2023-06-21,2023-06-21,,4500000.0,4500000.0,,,,0,no original award inside the window - only later changes were captured,0
M00B4600584,MDH,gainwell technologies,1,1,0,2024-04-03,2024-04-03,4478853.0,0,4478853.0,0.0,0.0,,0,"awarded in 2024, after the 2022 cutoff - not enough time to have been modified",0
C81B5400002,ATTYGEN,journal technologies,1,1,0,2017-06-21,2017-06-21,4435000.0,0,4435000.0,0.0,0.0,,1,,0
E00B0600040,COMP,teradata government systems,1,0,1,2020-05-20,2020-05-20,,4371039.0,4371039.0,,,,0,no original award inside the window - only later changes were captured,0
K00B4600015,DNR,brandt information services,1,1,0,2023-08-23,2023-08-23,4280000.0,0,4280000.0,0.0,0.0,,0,"awarded in 2023, after the 2022 cutoff - not enough time to have been modified",0
J01B1600019,DOT,carbonado technologies,1,1,0,2021-03-24,2021-03-24,4277000.0,0,4277000.0,0.0,0.0,,1,,0
CO413586,DOT/MPA,advanced analytical systems,1,0,1,2024-02-14,2024-02-14,,4275527.0,4275527.0,,,,0,no original award inside the window - only later changes were captured,0
M00B1600048,MDH,gantech,1,0,1,2021-06-02,2021-06-02,,4253517.0,4253517.0,,,,0,no original award inside the window - only later changes were captured,0
R00B2600108,DGS,edmentum,1,1,0,2022-12-21,2022-12-21,4241781.0,0,4241781.0,0.0,0.0,,1,,0
COJ01964,DIT,"-- Wireless USA Mobility Solutions, Inc.",2,0,2,2020-11-18,2020-12-16,,4239299.0,4239299.0,,,,0,no original award inside the window - only later changes were captured,1
J05B7400002,DOT/MTA,clever devices,2,1,1,2017-01-25,2019-07-24,2945082.0,1287992.0,4233074.0,1287992.0,43.73,30,1,,0
COJ01885,DIT,at and t system,1,0,1,2020-12-02,2020-12-02,,4200200.0,4200200.0,,,,0,no original award inside the window - only later changes were captured,0
COK33650,DIT,".. 1.1(2). Momentum, Inc. 1.1(1). 22nd Century Technologies, Inc.",1,0,1,2024-02-28,2024-02-28,,4200000.0,4200000.0,,,,0,no original award inside the window - only later changes were captured,1
M00B1600192,MDH,dxc ms,1,1,0,2020-10-21,2020-10-21,4159738.0,0,4159738.0,0.0,0.0,,1,,0
E00B9400043,COMP,teradata government systems,1,0,1,2019-03-20,2019-03-20,,4137697.0,4137697.0,,,,0,no original award inside the window - only later changes were captured,0
COH63876,DOT,caci nss formerly l 3 national security solutions,1,0,1,2018-07-19,2018-07-19,,4103967.0,4103967.0,,,,0,no original award inside the window - only later changes were captured,0
COH89597,DOT,caci,1,0,1,2019-01-23,2019-01-23,,4103967.0,4103967.0,,,,0,no original award inside the window - only later changes were captured,0
AG262004IT,DOT/MTA,swiftly,1,1,0,2025-12-17,2025-12-17,4059481.0,0,4059481.0,0.0,0.0,,0,"awarded in 2025, after the 2022 cutoff - not enough time to have been modified",0
F10B4600013,DBM,performa software usa,1,1,0,2024-04-03,2024-04-03,4031318.0,0,4031318.0,0.0,0.0,,0,"awarded in 2024, after the 2022 cutoff - not enough time to have been modified",0
W00B5400018,MSP,-- Government Resource Associates Solutions,1,0,1,2020-08-12,2020-08-12,,4000000.0,4000000.0,,,,0,no original award inside the window - only later changes were captured,1
R00B2600114,EDUC,amplify education,1,1,0,2022-10-12,2022-10-12,3990000.0,0,3990000.0,0.0,0.0,,1,,0
COG71408,PS,nextgen healthcare information systems,1,0,1,2016-06-08,2016-06-08,,3990000.0,3990000.0,,,,0,no original award inside the window - only later changes were captured,0
COG74214,DOT,caci nss,1,0,1,2017-07-26,2017-07-26,,3974017.0,3974017.0,,,,0,no original award inside the window - only later changes were captured,0
J01B9200013,DOT,caci nss formerly l 3 national security solutions,1,0,1,2017-12-20,2017-12-20,,3974017.0,3974017.0,,,,0,no original award inside the window - only later changes were captured,0
COK71221,MDL,sagitec solutions,1,0,1,2024-11-20,2024-11-20,,3941644.0,3941644.0,,,,0,no original award inside the window - only later changes were captured,0
R00B2600056,EDUC,serigor,3,1,2,2022-04-27,2025-04-23,1157001.0,2746197.5,3903198.5,2746197.5,237.35,21,1,,0
COJ92714,MDL,lexisnexis risk solutions,1,0,1,2023-05-17,2023-05-17,,3864978.0,3864978.0,,,,0,no original award inside the window - only later changes were captured,0
COK43022,MDL,lexisnexis risk solutions,1,0,1,2024-05-15,2024-05-15,,3864978.0,3864978.0,,,,0,no original award inside the window - only later changes were captured,0
MDOTTS2608,DOT,carbonado technologies,1,1,0,2026-03-18,2026-03-18,3840000.0,0,3840000.0,0.0,0.0,,0,"awarded in 2026, after the 2022 cutoff - not enough time to have been modified",0
COK46575/COK76,DOHR/OTHS,conduent state and local solutions,1,0,1,2024-12-18,2024-12-18,,3838596.0,3838596.0,,,,0,no original award inside the window - only later changes were captured,0
G20B8400005,RETAGCY,lrwl,1,1,0,2017-12-06,2017-12-06,3833575.0,0,3833575.0,0.0,0.0,,1,,0
COJ57138,DOHR,conduent state and local solutions,1,0,1,2022-06-22,2022-06-22,,3801985.0,3801985.0,,,,0,no original award inside the window - only later changes were captured,0
COL29699,DIT,..,1,0,1,2026-04-01,2026-04-01,,3800000.0,3800000.0,,,,0,no original award inside the window - only later changes were captured,1
COJ76390,DIT,cmd investment group,1,0,1,2022-10-12,2022-10-12,,3740350.0,3740350.0,,,,0,no original award inside the window - only later changes were captured,0
J04B4600008,DOT,custom software systems,1,1,0,2024-08-07,2024-08-07,3731582.4,0,3731582.4,0.0,0.0,,0,"awarded in 2024, after the 2022 cutoff - not enough time to have been modified",1
R00B2600117,EDUC,e builder,1,1,0,2022-06-22,2022-06-22,3726111.0,0,3726111.0,0.0,0.0,,1,,0
P00B2600048,MDL,lexis nexis risk solutions,1,0,1,2022-05-11,2022-05-11,,3692640.0,3692640.0,,,,0,no original award inside the window - only later changes were captured,0
001B8400083,DIT,periscope,1,1,0,2017-07-26,2017-07-26,3682404.0,0,3682404.0,0.0,0.0,,1,,0
F50B2600008,DIT,vtech solutions,11,7,4,2023-05-03,2026-02-18,359331.84,565548.64,3680483.88,3321152.04,924.26,4,0,"awarded in 2023, after the 2022 cutoff - not enough time to have been modified",1
COJ18647,MDL,csg government solutions,1,0,1,2021-07-28,2021-07-28,,3664128.0,3664128.0,,,,0,no original award inside the window - only later changes were captured,0
COK46575,DOHR,conduent state and local solutions,1,0,1,2024-06-05,2024-06-05,,3660124.0,3660124.0,,,,0,no original award inside the window - only later changes were captured,0
F50B6400030,DIT,teltex,1,1,0,2016-06-22,2016-06-22,3600000.0,0,3600000.0,0.0,0.0,,1,,0
D38B4600003,ELECTLAW,koniag services,1,0,1,2023-09-06,2023-09-06,,3568074.35,3568074.35,,,,0,no original award inside the window - only later changes were captured,1
M00B9400253,MDH,vitalchek network lexis nexis,1,1,0,2018-12-19,2018-12-19,3542992.0,0,3542992.0,0.0,0.0,,1,,0
D38B4600010,ELECTLAW,vedasoft,1,1,0,2025-01-29,2025-01-29,3503994.0,0,3503994.0,0.0,0.0,,0,"awarded in 2025, after the 2022 cutoff - not enough time to have been modified",1
J01B6400014-ITS,DOT,mobile communications of america,1,0,1,2026-02-18,2026-02-18,,3500000.0,3500000.0,,,,0,no original award inside the window - only later changes were captured,0
COJ60957,WORKCOMP,".. Inc. Technologies, LLC",1,0,1,2022-07-27,2022-07-27,,3494010.0,3494010.0,,,,0,no original award inside the window - only later changes were captured,1
COK43022/COK84,MDL,lexisnexis risk solutions,1,0,1,2025-05-07,2025-05-07,,3478464.0,3478464.0,,,,0,no original award inside the window - only later changes were captured,0
V00B4600027,DJS,fei com,1,1,0,2024-06-05,2024-06-05,3476077.0,0,3476077.0,0.0,0.0,,0,"awarded in 2024, after the 2022 cutoff - not enough time to have been modified",0
001B5600102,DGS,jobaps,1,1,0,2024-08-07,2024-08-07,3474150.0,0,3474150.0,0.0,0.0,,0,"awarded in 2024, after the 2022 cutoff - not enough time to have been modified",0
J01B4600005,DOT,rpi consultants,1,1,0,2023-07-19,2023-07-19,3450520.0,0,3450520.0,0.0,0.0,,0,"awarded in 2023, after the 2022 cutoff - not enough time to have been modified",0
COK17240,MDH,curtis consulting,1,0,1,2023-11-29,2023-11-29,,3446727.5,3446727.5,,,,0,no original award inside the window - only later changes were captured,1
R00B5600056,EDUC,dlt solutions,1,1,0,2025-04-23,2025-04-23,3443650.66,0,3443650.66,0.0,0.0,,0,"awarded in 2025, after the 2022 cutoff - not enough time to have been modified",0
COJ14055,WORKCOMP,".. Inc. Technologies, LLC",1,0,1,2021-07-28,2021-07-28,,3440614.0,3440614.0,,,,0,no original award inside the window - only later changes were captured,1
COL14271,DOT/MTA,genfare,1,0,1,2025-08-27,2025-08-27,,3405185.0,3405185.0,,,,0,no original award inside the window - only later changes were captured,0
COH86006,DOT/MTA,cubic transportation systems,1,0,1,2018-11-14,2018-11-14,,3349779.0,3349779.0,,,,0,no original award inside the window - only later changes were captured,0
J00P3600011,DOT/MAA,communications electronics cei,1,1,0,2023-09-20,2023-09-20,3305782.44,0,3305782.44,0.0,0.0,,0,"awarded in 2023, after the 2022 cutoff - not enough time to have been modified",0
Q00B5600037,PS,applied technology services,1,1,0,2024-10-16,2024-10-16,3299649.0,0,3299649.0,0.0,0.0,,0,"awarded in 2024, after the 2022 cutoff - not enough time to have been modified",0
COI52474,DBM,cr software,2,0,2,2020-03-18,2021-04-07,,3298290.0,3298290.0,,,,0,no original award inside the window - only later changes were captured,0
J01B0600011,DOT,vidsys,1,1,0,2020-01-08,2020-01-08,3295077.0,0,3295077.0,0.0,0.0,,1,,0
E00B5600005,COMP,tierpoint,1,1,0,2024-09-11,2024-09-11,3257992.0,0,3257992.0,0.0,0.0,,0,"awarded in 2024, after the 2022 cutoff - not enough time to have been modified",0
J01B8400029,DOT,carahsoft technology,1,1,0,2018-05-02,2018-05-02,3236670.0,0,3236670.0,0.0,0.0,,1,,0
M00B3600063,MDH,kzn consulting,1,1,0,2022-07-27,2022-07-27,3229478.0,0,3229478.0,0.0,0.0,,1,,0
J05B4400019,DOT/MTA,wabtec railway electronics,2,0,2,2016-04-27,2018-09-26,,3218116.0,3218116.0,,,,0,no original award inside the window - only later changes were captured,0
J05B9400008,DOT/MTA,trapeze software group,1,1,0,2018-12-19,2018-12-19,3212340.0,0,3212340.0,0.0,0.0,,1,,0
COJ64982,DIT,a and t systems,1,0,1,2022-08-10,2022-08-10,,3200000.0,3200000.0,,,,0,no original award inside the window - only later changes were captured,1
F50B6400032,DIT,blue collar objects,2,1,1,2016-05-25,2018-04-04,728198.0,2415532.0,3143730.0,2415532.0,331.71,23,1,,0
R62B5600001,HRCOMM,attain consulting group dba attain partners,1,1,0,2025-02-26,2025-02-26,3143188.0,0,3143188.0,0.0,0.0,,0,"awarded in 2025, after the 2022 cutoff - not enough time to have been modified",0
J01B0600067,DOT/MTA,icf,1,1,0,2024-02-28,2024-02-28,3122546.4,0,3122546.4,0.0,0.0,,0,"awarded in 2024, after the 2022 cutoff - not enough time to have been modified",0
001B3600088,DGS,cmd investment group,3,1,2,2024-12-18,2025-05-21,73254.0,3000000.0,3073254.0,3000000.0,4095.34,4,0,"awarded in 2024, after the 2022 cutoff - not enough time to have been modified",0
E20B8400001,TREAS,a and t systems,1,1,0,2018-09-05,2018-09-05,3050820.0,0,3050820.0,0.0,0.0,,1,,0
M00B1600056,DOHR,health risk screening,2,1,1,2020-10-07,2021-09-01,2952000.0,69000.0,3021000.0,69000.0,2.34,11,1,,0
COI21184,DIT,tierpoint maryland,1,0,1,2019-07-24,2019-07-24,,3000000.0,3000000.0,,,,0,no original award inside the window - only later changes were captured,0
COJ02449,DIT,centurylink communications,1,0,1,2020-12-02,2020-12-02,,3000000.0,3000000.0,,,,0,no original award inside the window - only later changes were captured,0
COJ54510,DIT,verizon maryland,1,0,1,2022-06-08,2022-06-08,,3000000.0,3000000.0,,,,0,no original award inside the window - only later changes were captured,0
CTR005819,DIT,carahsoft technology,1,0,1,2023-04-05,2023-04-05,,2999516.57,2999516.57,,,,0,no original award inside the window - only later changes were captured,0
F50B0600006,DIT,ernst and young,2,0,2,2023-06-07,2024-06-05,,2930000.0,2930000.0,,,,0,no original award inside the window - only later changes were captured,1
J01P4600040,DOT,mythics,1,1,0,2024-11-20,2024-11-20,2912427.0,0,2912427.0,0.0,0.0,,0,"awarded in 2024, after the 2022 cutoff - not enough time to have been modified",1
TSOCP2704,DOT,dravida consulting,1,1,0,2026-08-05,2026-08-05,2911800.0,0,2911800.0,0.0,0.0,,0,"awarded in 2026, after the 2022 cutoff - not enough time to have been modified",0
J04B2600001,DOT/MVA,entrust datacard,1,1,0,2021-07-07,2021-07-07,2894688.0,0,2894688.0,0.0,0.0,,1,,0
J05B1600009,DOT/MTA,cubic transportation systems,2,2,0,2020-12-16,2021-03-24,2763754.0,0,2892780.0,129026.0,4.67,,1,,0
M00B9400286,MDH,in metrix,1,1,0,2019-05-08,2019-05-08,2871972.0,0,2871972.0,0.0,0.0,,1,,0
E00B0600004,COMP,tierpoint maryland,1,0,1,2019-08-14,2019-08-14,,2813100.0,2813100.0,,,,0,no original award inside the window - only later changes were captured,0
R00B4600022,EDUC,serigor,1,1,0,2023-09-20,2023-09-20,2810900.0,0,2810900.0,0.0,0.0,,0,"awarded in 2023, after the 2022 cutoff - not enough time to have been modified",0
060B0600035,DIT,colossus d b a interact public safety systems,1,0,1,2019-11-20,2019-11-20,,2800000.0,2800000.0,,,,0,no original award inside the window - only later changes were captured,0
COJ71020,EDUC,bithgroup technologies,1,0,1,2022-09-14,2022-09-14,,2791110.4,2791110.4,,,,0,no original award inside the window - only later changes were captured,0
COJ92991,DIT,"MCI Communication Services, Inc. dba Verizon Business Services (Verizon)",1,0,1,2023-11-29,2023-11-29,,2761149.0,2761149.0,,,,0,no original award inside the window - only later changes were captured,1
J01B6400051,DOT,ecosys management,1,1,0,2017-10-18,2017-10-18,2761015.0,0,2761015.0,0.0,0.0,,1,,0
Q00B4600024,PS,benchmark solutions dba benchmark analytics,1,1,0,2023-10-04,2023-10-04,2754988.0,0,2754988.0,0.0,0.0,,0,"awarded in 2023, after the 2022 cutoff - not enough time to have been modified",0
COK44141,DGS,timeclock plus formerly data management,1,0,1,2024-05-15,2024-05-15,,2750000.0,2750000.0,,,,0,no original award inside the window - only later changes were captured,0
Q00B3600136,PS,datamaxx applied technologies,1,1,0,2023-10-25,2023-10-25,2709688.0,0,2709688.0,0.0,0.0,,0,"awarded in 2023, after the 2022 cutoff - not enough time to have been modified",0
Q00P4600241,PS,applied technology services,1,1,0,2024-06-05,2024-06-05,2709138.0,0,2709138.0,0.0,0.0,,0,"awarded in 2024, after the 2022 cutoff - not enough time to have been modified",0
P00B2600047,MDL,peraton state and local,1,1,0,2022-06-08,2022-06-08,2685800.0,0,2685800.0,0.0,0.0,,1,,0
COH90165,RETAGCY,lrwl,1,0,1,2019-01-23,2019-01-23,,2675568.0,2675568.0,,,,0,no original award inside the window - only later changes were captured,0
CO432540,DOT/MTA,skyline technology solutions,1,0,1,2026-01-28,2026-01-28,,2651617.0,2651617.0,,,,0,no original award inside the window - only later changes were captured,1
WCCB5600005,WORKCOMP,".. Inc. Technologies, LLC",1,1,0,2025-08-27,2025-08-27,2619800.0,0,2619800.0,0.0,0.0,,0,"awarded in 2025, after the 2022 cutoff - not enough time to have been modified",1
001B5600234,DGS,bi,1,1,0,2025-02-26,2025-02-26,2600049.0,0,2600049.0,0.0,0.0,,0,"awarded in 2025, after the 2022 cutoff - not enough time to have been modified",0
COK74655,COMP,revenue solutions,1,0,1,2024-12-18,2024-12-18,,2599847.0,2599847.0,,,,0,no original award inside the window - only later changes were captured,0
COK48965,DBM,ms technologies,1,0,1,2024-06-05,2024-06-05,,2575800.0,2575800.0,,,,0,no original award inside the window - only later changes were captured,0
Q00B6600055,PS,computer projects of illinois,1,1,0,2026-04-01,2026-04-01,2553058.0,0,2553058.0,0.0,0.0,,0,"awarded in 2026, after the 2022 cutoff - not enough time to have been modified",0
N00B6600017,DOHR/OTHS,applied technology services,1,1,0,2025-07-16,2025-07-16,2551900.0,0,2551900.0,0.0,0.0,,0,"awarded in 2025, after the 2022 cutoff - not enough time to have been modified",0
COK89149,EDUC,powerschool,1,0,1,2025-07-16,2025-07-16,,2551720.0,2551720.0,,,,0,no original award inside the window - only later changes were captured,0
M00B1600104,MDH,tierpoint,1,1,0,2020-09-02,2020-09-02,2550530.0,0,2550530.0,0.0,0.0,,1,,0
COI31214,DIT,"-- Wireless USA Mobility Solutions, Inc.",1,0,1,2019-08-14,2019-08-14,,2500000.0,2500000.0,,,,0,no original award inside the window - only later changes were captured,1
CTR013407,DBM,skysail concepts d b a skysail rx,1,1,0,2023-06-21,2023-06-21,2496400.0,0,2496400.0,0.0,0.0,,0,"awarded in 2023, after the 2022 cutoff - not enough time to have been modified",0
R00B6600134,EDUC,third sector intelligence,1,1,0,2026-04-22,2026-04-22,2484700.0,0,2484700.0,0.0,0.0,,0,"awarded in 2026, after the 2022 cutoff - not enough time to have been modified",0
Q00B9400002,PS,appriss,1,1,0,2018-12-19,2018-12-19,2480540.0,0,2480540.0,0.0,0.0,,1,,0
E50B3600001,DAAT,thomson reuter manatron,1,1,0,2022-12-21,2022-12-21,2417532.0,0,2417532.0,0.0,0.0,,1,,0
Q00B8400001,PS,datamaxx applied technologies,2,2,0,2017-06-07,2017-06-07,522596.0,0,2416074.0,1893478.0,362.32,,1,,0
P00B1600073,MDL,american prison data systems pbc,1,1,0,2021-07-28,2021-07-28,2392490.0,0,2392490.0,0.0,0.0,,1,,0
P00B1600046,MDL,nec of america,1,1,0,2021-02-24,2021-02-24,2380547.6,0,2380547.6,0.0,0.0,,1,,0
E00B0600034,COMP,compuware,1,1,0,2020-05-06,2020-05-06,2376700.0,0,2376700.0,0.0,0.0,,1,,0
COG70636,COMP,ca,1,0,1,2016-06-08,2016-06-08,,2353641.0,2353641.0,,,,0,no original award inside the window - only later changes were captured,0
E00B6400084,COMP,ibm,1,1,0,2016-05-25,2016-05-25,2347955.0,0,2347955.0,0.0,0.0,,1,,0
J01P4600065,DOT,advanced computer concepts,1,1,0,2025-08-06,2025-08-06,2331249.91,0,2331249.91,0.0,0.0,,0,"awarded in 2025, after the 2022 cutoff - not enough time to have been modified",0
060B2490022,MDH,ats applied technology services,3,3,0,2019-10-30,2024-05-01,1542907.0,0,2286368.0,743461.0,48.19,,1,,0
Q00B1600037,PS,computer projects of illinois,1,1,0,2021-07-28,2021-07-28,2282118.0,0,2282118.0,0.0,0.0,,1,,0
J05B3600003,DOT/MTA,swiftly,1,1,0,2022-12-21,2022-12-21,2277370.0,0,2277370.0,0.0,0.0,,1,,0
F50P4600412,DIT,hcgi hartford,1,1,0,2024-05-15,2024-05-15,2276274.0,0,2276274.0,0.0,0.0,,0,"awarded in 2024, after the 2022 cutoff - not enough time to have been modified",0
Q00B5600088,PS,watch systems dba offenderwatch,1,1,0,2026-04-01,2026-04-01,2273222.0,0,2273222.0,0.0,0.0,,0,"awarded in 2026, after the 2022 cutoff - not enough time to have been modified",0
M00B7400039,HMH,santeon,1,1,0,2016-05-25,2016-05-25,2272620.0,0,2272620.0,0.0,0.0,,1,,0
WCCB4600008,WORKCOMP,advanced computer concepts,1,1,0,2024-07-17,2024-07-17,2261520.0,0,2261520.0,0.0,0.0,,0,"awarded in 2024, after the 2022 cutoff - not enough time to have been modified",0
J01B3600034,DOT/MdTA,selex es a leonardo us,2,1,1,2023-08-23,2026-07-01,1352953.0,901969.0,2254922.0,901969.0,66.67,35,0,"awarded in 2023, after the 2022 cutoff - not enough time to have been modified",0
COJ49162,DIT,nic usa,1,0,1,2022-07-27,2022-07-27,,2250000.0,2250000.0,,,,0,no original award inside the window - only later changes were captured,0
COI48100,DOT/MVA,mathtech,1,0,1,2020-03-04,2020-03-04,,2245910.0,2245910.0,,,,0,no original award inside the window - only later changes were captured,0
J01B4600023,DOT,ibm,1,1,0,2024-05-15,2024-05-15,2239993.0,0,2239993.0,0.0,0.0,,0,"awarded in 2024, after the 2022 cutoff - not enough time to have been modified",0
F50P5600404,DIT,applied technology services,1,1,0,2025-04-02,2025-04-02,2236000.0,0,2236000.0,0.0,0.0,,0,"awarded in 2025, after the 2022 cutoff - not enough time to have been modified",0
COI78659,TREAS,a and t systems,1,0,1,2020-08-12,2020-08-12,,2216120.0,2216120.0,,,,0,no original award inside the window - only later changes were captured,0
COJ91855,DOT/MTA,skyline technology solutions,1,0,1,2023-04-05,2023-04-05,,2191473.78,2191473.78,,,,0,no original award inside the window - only later changes were captured,1
E50B0600001,DAAT,thomson reuter manatron,1,1,0,2019-10-02,2019-10-02,2191032.0,0,2191032.0,0.0,0.0,,1,,0
J05B1600001,DOT/MTA,trapeze software group,1,1,0,2020-09-23,2020-09-23,2183937.0,0,2183937.0,0.0,0.0,,1,,0
COH06034,DOT/MVA,mathtech,1,0,1,2017-02-08,2017-02-08,,2172724.0,2172724.0,,,,0,no original award inside the window - only later changes were captured,0
COI44042,MDL,geographic solutions,1,0,1,2020-01-08,2020-01-08,,2163816.0,2163816.0,,,,0,no original award inside the window - only later changes were captured,0
COH49484,DOT/MVA,mathtech,1,0,1,2018-02-07,2018-02-07,,2158699.0,2158699.0,,,,0,no original award inside the window - only later changes were captured,0
F50B4600015,DIT,environmental systems research institute,1,1,0,2023-10-04,2023-10-04,2150000.0,0,2150000.0,0.0,0.0,,0,"awarded in 2023, after the 2022 cutoff - not enough time to have been modified",0
F50B0600045,MDH,optimal solutions and technologies a k a ost,1,1,0,2025-03-19,2025-03-19,2145570.0,0,2145570.0,0.0,0.0,,0,"awarded in 2025, after the 2022 cutoff - not enough time to have been modified",0
J01B4600029,DOT,applied technology services,1,1,0,2024-05-15,2024-05-15,2143470.0,0,2143470.0,0.0,0.0,,0,"awarded in 2024, after the 2022 cutoff - not enough time to have been modified",0
COK03499,MDH,gantech,1,0,1,2023-07-19,2023-07-19,,2126758.0,2126758.0,,,,0,no original award inside the window - only later changes were captured,1
N00B4600028,SUP,applied technology services,1,1,0,2023-10-04,2023-10-04,2118882.0,0,2118882.0,0.0,0.0,,0,"awarded in 2023, after the 2022 cutoff - not enough time to have been modified",1
J01B3600035,DOT,ibm,1,1,0,2023-04-19,2023-04-19,2109172.0,0,2109172.0,0.0,0.0,,0,"awarded in 2023, after the 2022 cutoff - not enough time to have been modified",0
J01B6400039,DOT,ibm,1,1,0,2016-05-25,2016-05-25,2100097.0,0,2100097.0,0.0,0.0,,1,,0
J02B8400024,DOT/SHA,acentra health,1,0,1,2024-12-04,2024-12-04,,2098231.66,2098231.66,,,,0,no original award inside the window - only later changes were captured,1
COL35904,DNR,brandt,1,0,1,2026-08-19,2026-08-19,,2059900.0,2059900.0,,,,0,no original award inside the window - only later changes were captured,0
J01B0600021,DOT/MdTA,carahsoft technology,1,1,0,2021-03-10,2021-03-10,2054832.0,0,2054832.0,0.0,0.0,,1,,0
M00B3600601,MDH,advance management services,1,1,0,2023-05-17,2023-05-17,2051432.0,0,2051432.0,0.0,0.0,,0,"awarded in 2023, after the 2022 cutoff - not enough time to have been modified",0
Q00B4600082,PS,mythics,1,1,0,2024-06-05,2024-06-05,2022836.9,0,2022836.9,0.0,0.0,,0,"awarded in 2024, after the 2022 cutoff - not enough time to have been modified",0
COJ10397,DIT,cornerstone ondemand,1,0,1,2021-03-24,2021-03-24,,2010000.0,2010000.0,,,,0,no original award inside the window - only later changes were captured,0
J04B4600005,DOT/MVA,cas severn,1,1,0,2023-11-29,2023-11-29,2003480.0,0,2003480.0,0.0,0.0,,0,"awarded in 2023, after the 2022 cutoff - not enough time to have been modified",0
060B8400061,DIT,frost and sullivan,1,1,0,2018-08-01,2018-08-01,2000000.0,0,2000000.0,0.0,0.0,,1,,0
001B0600386,DGS,mci communications services d b a verizon business services,1,1,0,2020-05-20,2020-05-20,2000000.0,0,2000000.0,0.0,0.0,,1,,0
COI13124,DIT,-- Government (AGS) Resource Associates (ARMA) Solutions,1,0,1,2019-05-22,2019-05-22,,2000000.0,2000000.0,,,,0,no original award inside the window - only later changes were captured,1
C0J50880,MDH,gainwell technologies,1,0,1,2022-04-27,2022-04-27,,2000000.0,2000000.0,,,,0,no original award inside the window - only later changes were captured,0
COL33702,DSCI,buildwithin,1,0,1,2026-06-03,2026-06-03,,2000000.0,2000000.0,,,,0,no original award inside the window - only later changes were captured,0
J00B6400012,DOT/MVA,custom software systems,3,1,2,2020-10-07,2023-10-25,685259.21,1301968.56,1987227.77,1301968.56,190.0,-12,0,"item covers several vendors, so the money is not one contract's",1
COK74819,PS,gantech,1,1,0,2024-11-20,2024-11-20,1986747.0,0,1986747.0,0.0,0.0,,0,"awarded in 2024, after the 2022 cutoff - not enough time to have been modified",1
J01B2600025,DOT,ibm,1,1,0,2022-06-08,2022-06-08,1977913.0,0,1977913.0,0.0,0.0,,1,,0
J01B8400025,DOT,ibm,1,1,0,2018-05-16,2018-05-16,1977232.0,0,1977232.0,0.0,0.0,,1,,0
V00B8400079,DJS,behavioral interventions,1,0,1,2018-04-04,2018-04-04,,1964430.0,1964430.0,,,,0,no original award inside the window - only later changes were captured,0
M00P6600001,MDH,azulo,1,0,1,2025-05-21,2025-05-21,,1954828.37,1954828.37,,,,0,no original award inside the window - only later changes were captured,0
J05B0600012,DOT/MTA,swiftly,1,1,0,2020-01-08,2020-01-08,1950000.0,0,1950000.0,0.0,0.0,,1,,0
C81B1600004,ATTYGEN,journal technologies,1,0,1,2021-05-05,2021-05-05,,1945000.0,1945000.0,,,,0,no original award inside the window - only later changes were captured,0
C81B4600001,ATTYGEN,journal technologies,1,0,1,2023-06-21,2023-06-21,,1945000.0,1945000.0,,,,0,no original award inside the window - only later changes were captured,0
F10B0600060,DBM,ms technologies,1,1,0,2020-07-01,2020-07-01,1944000.0,0,1944000.0,0.0,0.0,,1,,0
C81B6600002,ATTYGEN,journal technologies,2,1,1,2025-07-16,2026-06-03,940365.0,987338.0,1927703.0,987338.0,105.0,11,0,"awarded in 2025, after the 2022 cutoff - not enough time to have been modified",0
S00B4600006,HCD,prolink solution,1,1,0,2023-11-29,2023-11-29,1925686.0,0,1925686.0,0.0,0.0,,0,"awarded in 2023, after the 2022 cutoff - not enough time to have been modified",0
COJ01206,DIT,cmd investment group,1,0,1,2020-11-18,2020-11-18,,1909948.0,1909948.0,,,,0,no original award inside the window - only later changes were captured,0
COK69800,EDUC,canton group,1,0,1,2024-11-20,2024-11-20,,1895940.0,1895940.0,,,,0,no original award inside the window - only later changes were captured,0
J05B2600002,DOT/MTA,adp,1,1,0,2021-07-28,2021-07-28,1895566.0,0,1895566.0,0.0,0.0,,1,,0
U00B5600010,DIT,..,1,1,0,2025-02-12,2025-02-12,1895149.0,0,1895149.0,0.0,0.0,,0,"awarded in 2025, after the 2022 cutoff - not enough time to have been modified",1
J01P0600140,DOT,mythics,1,1,0,2020-11-18,2020-11-18,1888967.0,0,1888967.0,0.0,0.0,,1,,0
J01B1600033,DOT,ibm,1,1,0,2021-06-02,2021-06-02,1887170.0,0,1887170.0,0.0,0.0,,1,,0
J02P4600098,DOT/SHA,applied technology services,1,1,0,2024-10-16,2024-10-16,1883489.0,0,1883489.0,0.0,0.0,,0,"awarded in 2024, after the 2022 cutoff - not enough time to have been modified",0
E00P5600235,COMP,cas severn,1,1,0,2024-10-30,2024-10-30,1883095.94,0,1883095.94,0.0,0.0,,0,"awarded in 2024, after the 2022 cutoff - not enough time to have been modified",0
S00B3600028,HCD,hancock software,1,1,0,2023-02-15,2023-02-15,1880000.0,0,1880000.0,0.0,0.0,,0,"awarded in 2023, after the 2022 cutoff - not enough time to have been modified",0
Q00B0600031,PS/IT&CD,gemalto cogent,1,1,0,2019-10-30,2019-10-30,1876021.0,0,1876021.0,0.0,0.0,,1,,0
V00B6400109,DJS,sentinel offender services,1,1,0,2016-04-06,2016-04-06,1856938.0,0,1856938.0,0.0,0.0,,1,,0
F10B6600035,DBM,ron turley associates dba rta fleet success,1,1,0,2026-08-19,2026-08-19,1850114.0,0,1850114.0,0.0,0.0,,0,"awarded in 2026, after the 2022 cutoff - not enough time to have been modified",0
Q00B6600077,DGS,orijin pbc,1,1,0,2026-06-18,2026-06-18,1832731.0,0,1832731.0,0.0,0.0,,0,"awarded in 2026, after the 2022 cutoff - not enough time to have been modified",0
COK35955,MDH,shi international,1,1,0,2024-04-03,2024-04-03,1830954.0,0,1830954.0,0.0,0.0,,0,"awarded in 2024, after the 2022 cutoff - not enough time to have been modified",0
COK34128,DBM/OPSB,oakland consulting group,1,0,1,2024-01-17,2024-01-17,,1825735.0,1825735.0,,,,0,no original award inside the window - only later changes were captured,0
D53B3600001,MIEMSS,imagetrend,1,1,0,2022-06-22,2022-06-22,1817320.0,0,1817320.0,0.0,0.0,,1,,0
R00B5600151,EDUC,alliance enterprises,1,1,0,2026-06-18,2026-06-18,1809176.0,0,1809176.0,0.0,0.0,,0,"awarded in 2026, after the 2022 cutoff - not enough time to have been modified",0
P00B4600001,MDL,csg government solutions,1,0,1,2023-06-21,2023-06-21,,1807200.0,1807200.0,,,,0,no original award inside the window - only later changes were captured,0
W00P3601318,MSP,applied technology services,1,1,0,2023-06-07,2023-06-07,1803435.0,0,1803435.0,0.0,0.0,,0,"awarded in 2023, after the 2022 cutoff - not enough time to have been modified",0
J05B5600001,DOT/MTA,9280 0366 quebec dba transit,1,1,0,2024-08-07,2024-08-07,1800939.0,0,1800939.0,0.0,0.0,,0,"awarded in 2024, after the 2022 cutoff - not enough time to have been modified",0
J01B8400008,DOT/MdTA,coban technologies,1,1,0,2018-10-17,2018-10-17,1800000.0,0,1800000.0,0.0,0.0,,1,,0
COK27202,DNR,camis usa,1,0,1,2024-03-13,2024-03-13,,1800000.0,1800000.0,,,,0,no original award inside the window - only later changes were captured,0
J01P4600023,DOT,zones,1,1,0,2024-08-07,2024-08-07,1798416.89,0,1798416.89,0.0,0.0,,0,"awarded in 2024, after the 2022 cutoff - not enough time to have been modified",0
J01B1600001,DOT,ibm,1,1,0,2020-06-17,2020-06-17,1798355.0,0,1798355.0,0.0,0.0,,1,,0
COJ79863,EDUC,canton group,1,0,1,2022-10-26,2022-10-26,,1789770.0,1789770.0,,,,0,no original award inside the window - only later changes were captured,0
E00P5600340,SUP,applied technology services,1,1,0,2025-05-07,2025-05-07,1783622.0,0,1783622.0,0.0,0.0,,0,"awarded in 2025, after the 2022 cutoff - not enough time to have been modified",1
M00B0600118,MDH,group z,1,0,1,2021-06-02,2021-06-02,,1779939.0,1779939.0,,,,0,no original award inside the window - only later changes were captured,0
R00B1600001,EDUC,alliance enterprises,1,1,0,2020-08-12,2020-08-12,1778529.0,0,1778529.0,0.0,0.0,,1,,0
J01P4600042,DOT,applied technology services,1,1,0,2024-12-18,2024-12-18,1751768.0,0,1751768.0,0.0,0.0,,0,"awarded in 2024, after the 2022 cutoff - not enough time to have been modified",0
J01B0600001,DOT,ibm,1,1,0,2019-06-05,2019-06-05,1742838.0,0,1742838.0,0.0,0.0,,1,,0
E00B3600004,COMP,recovery point systems,1,1,0,2022-08-10,2022-08-10,1738213.0,0,1738213.0,0.0,0.0,,1,,0
E00B9400053,COMP,recovery point systems,1,1,0,2019-05-22,2019-05-22,1738212.0,0,1738212.0,0.0,0.0,,1,,0
COK54678,WORKCOMP,".. Inc. Technologies, LLC.",1,0,1,2024-08-07,2024-08-07,,1728880.0,1728880.0,,,,0,no original award inside the window - only later changes were captured,1
J01B3400033,DOT,icf,1,1,0,2020-12-02,2020-12-02,1713994.0,0,1713994.0,0.0,0.0,,1,,0
M00B5600454,MDH,skyline technology solutions,1,1,0,2025-01-29,2025-01-29,1711125.0,0,1711125.0,0.0,0.0,,0,"awarded in 2025, after the 2022 cutoff - not enough time to have been modified",0
Q00B4600077,PS,eplus technology,1,1,0,2024-06-05,2024-06-05,1698646.18,0,1698646.18,0.0,0.0,,0,"awarded in 2024, after the 2022 cutoff - not enough time to have been modified",0
F50P5600230,DIT,applied technology services,1,1,0,2024-12-04,2024-12-04,1690350.0,0,1690350.0,0.0,0.0,,0,"awarded in 2024, after the 2022 cutoff - not enough time to have been modified",0
P00B0600010,MDL,state regulatory registry,1,1,0,2019-09-18,2019-09-18,1675370.0,0,1675370.0,0.0,0.0,,1,,0
F50P1600059,DIT,environmental systems research institute,2,2,0,2020-10-07,2020-11-04,832877.0,0,1665754.0,832877.0,100.0,,1,,0
001B1600464,DGS,cr software a wholly owned subsidiary of fico,1,1,0,2021-06-16,2021-06-16,1649167.0,0,1649167.0,0.0,0.0,,1,,0
R00B3600083,EDUC,career index,2,1,1,2023-03-01,2024-09-11,1399775.0,236000.0,1635775.0,236000.0,16.86,18,0,"awarded in 2023, after the 2022 cutoff - not enough time to have been modified",0
N00B5600067,DOHR,applied technology services,1,1,0,2024-08-07,2024-08-07,1629810.0,0,1629810.0,0.0,0.0,,0,"awarded in 2024, after the 2022 cutoff - not enough time to have been modified",1
J01P4600124,DOT/MdTA,applied technology services,1,1,0,2024-09-11,2024-09-11,1626989.74,0,1626989.74,0.0,0.0,,0,"awarded in 2024, after the 2022 cutoff - not enough time to have been modified",0
J2B4600023,DOT/SHA,dk consulting,1,1,0,2026-04-22,2026-04-22,1610946.0,0,1610946.0,0.0,0.0,,0,"awarded in 2026, after the 2022 cutoff - not enough time to have been modified",1
COJ62423,DIT,spatial systems associates,1,0,1,2022-07-27,2022-07-27,,1602660.0,1602660.0,,,,0,no original award inside the window - only later changes were captured,0
E00B6600010,COMP,recovery point systems,1,1,0,2026-01-28,2026-01-28,1602491.0,0,1602491.0,0.0,0.0,,0,"awarded in 2026, after the 2022 cutoff - not enough time to have been modified",0
J05B4600005,DOT/MTA,cubic transportation systems,1,1,0,2024-02-28,2024-02-28,1598702.0,0,1598702.0,0.0,0.0,,0,"awarded in 2024, after the 2022 cutoff - not enough time to have been modified",0
COJ91172,EDUC,conduent state and local solutions,1,0,1,2023-05-03,2023-05-03,,1589255.0,1589255.0,,,,0,no original award inside the window - only later changes were captured,1
Q00B4600016,PS,global shop solutions,1,1,0,2023-10-04,2023-10-04,1581770.0,0,1581770.0,0.0,0.0,,0,"awarded in 2023, after the 2022 cutoff - not enough time to have been modified",0
E00P460090,COMP,cas severn,1,1,0,2023-09-20,2023-09-20,1563967.0,0,1563967.0,0.0,0.0,,0,"awarded in 2023, after the 2022 cutoff - not enough time to have been modified",0
R00B9400116,EDUC,eduloka dba inlumon,1,1,0,2020-02-19,2020-02-19,1533476.0,0,1533476.0,0.0,0.0,,1,,0
COJ48775,DIT,"Public Knowledge, LLC, (formally SLI Global Solutions, LLC d/b/a Center for the Support of Families)",1,0,1,2022-03-23,2022-03-23,,1500000.0,1500000.0,,,,0,no original award inside the window - only later changes were captured,1
V00B5600027,DJS,evident change,1,1,0,2025-05-07,2025-05-07,1496323.0,0,1496323.0,0.0,0.0,,0,"awarded in 2025, after the 2022 cutoff - not enough time to have been modified",0
Q00B1600038,PS,global shop solutions,1,1,0,2021-01-27,2021-01-27,1495980.0,0,1495980.0,0.0,0.0,,1,,0
Q00B6400088,PS,tecore networks,2,2,0,2016-03-09,2017-04-05,520000.0,0,1492400.0,972400.0,187.0,,1,,0
F10B5600009,DBM,forsys,1,1,0,2025-01-29,2025-01-29,1470200.0,0,1470200.0,0.0,0.0,,0,"awarded in 2025, after the 2022 cutoff - not enough time to have been modified",0
D21B4600003,GOCPYVS,stacs dna dba invita healthcare technologies,1,1,0,2023-08-23,2023-08-23,1466989.0,0,1466989.0,0.0,0.0,,0,"awarded in 2023, after the 2022 cutoff - not enough time to have been modified",0
S00B6600028,HCD,emphasys computer solutions,1,1,0,2025-12-03,2025-12-03,1465649.0,0,1465649.0,0.0,0.0,,0,"awarded in 2025, after the 2022 cutoff - not enough time to have been modified",0
COJ02508,MCHR,social and scientific systems,1,0,1,2021-01-06,2021-01-06,,1464405.0,1464405.0,,,,0,no original award inside the window - only later changes were captured,0
E50B8400001,DAAT,manatron a thomas reuter business,1,0,1,2017-09-20,2017-09-20,,1460688.0,1460688.0,,,,0,no original award inside the window - only later changes were captured,0
COK21753,BCCC,ellucian,1,0,1,2023-09-06,2023-09-06,,1457148.0,1457148.0,,,,0,no original award inside the window - only later changes were captured,0
M00B3600008,MDH,iscan a division of humanim,1,1,0,2022-07-06,2022-07-06,1427928.0,0,1427928.0,0.0,0.0,,1,,0
F50P6600236,DIT,environmental systems research institute,1,1,0,2025-11-05,2025-11-05,1425000.0,0,1425000.0,0.0,0.0,,0,"awarded in 2025, after the 2022 cutoff - not enough time to have been modified",0
COK40954,DGS,1 1 canton group,1,0,1,2024-05-01,2024-05-01,,1421955.0,1421955.0,,,,0,no original award inside the window - only later changes were captured,1
R00B9400148,EDUC,mathtech,1,1,0,2020-12-02,2020-12-02,1421327.0,0,1421327.0,0.0,0.0,,0,"item covers several vendors, so the money is not one contract's",1
M00B8400027,HMH,truven health analytics,3,0,3,2017-06-07,2026-08-19,,1417910.0,1417910.0,,,,0,no original award inside the window - only later changes were captured,0
W00P560121,MSP,advanced computer concepts,1,1,0,2025-03-19,2025-03-19,1417045.0,0,1417045.0,0.0,0.0,,0,"awarded in 2025, after the 2022 cutoff - not enough time to have been modified",0
W00R3600016,MSP,softtech dba flight vector,1,1,0,2022-12-07,2022-12-07,1400000.0,0,1400000.0,0.0,0.0,,1,,0
D38B1600010,ELECTLAW,vivsoft technologies,1,1,0,2020-12-02,2020-12-02,1399960.0,0,1399960.0,0.0,0.0,,1,,0
COK79361,EDUC,..,1,0,1,2025-01-08,2025-01-08,,1390106.0,1390106.0,,,,0,no original award inside the window - only later changes were captured,1
Q00B1600144,PS,disys solutions,1,1,0,2022-07-06,2022-07-06,1389519.0,0,1389519.0,0.0,0.0,,1,,0
Q00B9400087,PS,watch systems,1,1,0,2018-12-19,2018-12-19,1389146.0,0,1389146.0,0.0,0.0,,1,,0
060B9800036,DIT,motorola,1,0,1,2020-01-08,2020-01-08,,1383474.0,1383474.0,,,,0,no original award inside the window - only later changes were captured,0
N00P4600659,MDH,carahsoft technology,2,1,1,2023-11-08,2024-09-11,1373626.0,0,1373626.0,0.0,0.0,10,0,"awarded in 2023, after the 2022 cutoff - not enough time to have been modified",0
C80B1600029,DEFENDER,hartman executive advisors,1,1,0,2021-06-16,2021-06-16,1371825.0,0,1371825.0,0.0,0.0,,1,,0
COJ05694,DNR,camis usa,1,0,1,2021-03-24,2021-03-24,,1370000.0,1370000.0,,,,0,no original award inside the window - only later changes were captured,0
W00P5600341,MSP,motorola solutions,1,1,0,2024-12-04,2024-12-04,1362967.95,0,1362967.95,0.0,0.0,,0,"awarded in 2024, after the 2022 cutoff - not enough time to have been modified",0
COL4699,MDH,skyline technology solutions,1,0,1,2026-08-19,2026-08-19,,1362900.0,1362900.0,,,,0,no original award inside the window - only later changes were captured,0
V00B1600065,DJS,fei com,1,1,0,2021-06-02,2021-06-02,1358750.0,0,1358750.0,0.0,0.0,,1,,0
J01P2600105,DOT,oakland consulting group,1,1,0,2023-08-02,2023-08-02,1356785.0,0,1356785.0,0.0,0.0,,0,"awarded in 2023, after the 2022 cutoff - not enough time to have been modified",0
COK49966,DOT/MTA,adp,1,0,1,2024-10-16,2024-10-16,,1344838.0,1344838.0,,,,0,no original award inside the window - only later changes were captured,0
COG69479,DIT,colossus d b a interact public safety systems,1,0,1,2016-05-11,2016-05-11,,1329298.0,1329298.0,,,,0,no original award inside the window - only later changes were captured,0
F50B7400022,DIT,cornerstone ondemand,1,1,0,2017-03-22,2017-03-22,1310366.0,0,1310366.0,0.0,0.0,,1,,0
E20B8400002,TREAS,a and t systems,1,0,1,2019-06-05,2019-06-05,,1308947.0,1308947.0,,,,0,no original award inside the window - only later changes were captured,0
COL38236,DOT,skyline technology solutions,1,0,1,2026-07-01,2026-07-01,,1305960.0,1305960.0,,,,0,no original award inside the window - only later changes were captured,1
J01P4600056,DOT,source it technologies,1,1,0,2025-04-23,2025-04-23,1289136.0,0,1289136.0,0.0,0.0,,0,"awarded in 2025, after the 2022 cutoff - not enough time to have been modified",0
COI74224,DOT/MTA,clever devices,1,0,1,2020-07-22,2020-07-22,,1287992.0,1287992.0,,,,0,no original award inside the window - only later changes were captured,0
BPM036784,DIT,en net,1,1,0,2023-06-07,2023-06-07,1268697.49,0,1268697.49,0.0,0.0,,0,"awarded in 2023, after the 2022 cutoff - not enough time to have been modified",0
R60B8400002,Maryland 529,rolka loube,1,1,0,2017-09-20,2017-09-20,1259474.0,0,1259474.0,0.0,0.0,,1,,0
J05B060002,DOT,arinc,1,1,0,2019-07-24,2019-07-24,1243702.0,0,1243702.0,0.0,0.0,,1,,0
M00B8400705,MDH,st paul group,1,1,0,2018-07-19,2018-07-19,1230200.0,0,1230200.0,0.0,0.0,,1,,0
J01B3400025,DOT,applied technology services,1,1,0,2020-12-02,2020-12-02,1223453.0,0,1223453.0,0.0,0.0,,1,,0
P00B2600049,MDL,elegant enterprise wide solution,1,1,0,2022-08-31,2022-08-31,1222957.0,0,1222957.0,0.0,0.0,,1,,0
J05P5600026,DOT/MTA,advanced computer concepts,1,1,0,2025-08-27,2025-08-27,1222151.75,0,1222151.75,0.0,0.0,,0,"awarded in 2025, after the 2022 cutoff - not enough time to have been modified",0
COK32294,DIT,granicus govdelivery,1,0,1,2025-05-07,2025-05-07,,1202380.0,1202380.0,,,,0,no original award inside the window - only later changes were captured,0
C81B3600001,ATTYGEN,nexpoint,1,1,0,2022-09-14,2022-09-14,1200000.0,0,1200000.0,0.0,0.0,,1,,0
COI21454,ELECTLAW,elections systems and software es and s,1,0,1,2019-08-14,2019-08-14,,1190310.0,1190310.0,,,,0,no original award inside the window - only later changes were captured,0
D23B5600002,MCA,metrc,1,1,0,2024-11-20,2024-11-20,1190000.0,0,1190000.0,0.0,0.0,,0,"awarded in 2024, after the 2022 cutoff - not enough time to have been modified",0
N00B4600015,DOHR,bithgroup technologies,1,1,0,2023-09-06,2023-09-06,1187535.0,0,1187535.0,0.0,0.0,,0,"awarded in 2023, after the 2022 cutoff - not enough time to have been modified",0
P00B1600010,MDL,csdg government solutions,1,1,0,2020-09-02,2020-09-02,1186572.0,0,1186572.0,0.0,0.0,,1,,0
E00B6600034,COMP,precisely software,1,1,0,2026-06-18,2026-06-18,1175991.0,0,1175991.0,0.0,0.0,,0,"awarded in 2026, after the 2022 cutoff - not enough time to have been modified",0
J01P4600038,DOT,cas severn,1,1,0,2025-09-10,2025-09-10,1175152.0,0,1175152.0,0.0,0.0,,0,"awarded in 2025, after the 2022 cutoff - not enough time to have been modified",0
COG88984,PS,3m cogent,1,0,1,2016-10-05,2016-10-05,,1172989.0,1172989.0,,,,0,no original award inside the window - only later changes were captured,0
J05B2600005,DOT/MTA,unify,1,1,0,2021-11-03,2021-11-03,1167955.0,0,1167955.0,0.0,0.0,,1,,0
J01P4600035,DOT,applied technology services,1,1,0,2024-10-16,2024-10-16,1167183.0,0,1167183.0,0.0,0.0,,0,"awarded in 2024, after the 2022 cutoff - not enough time to have been modified",0
COJ18672,DOHR/OTHS,microsoft,1,0,1,2021-07-07,2021-07-07,,1160320.0,1160320.0,,,,0,no original award inside the window - only later changes were captured,0
COJ59698,DOHR/OTHS,microsoft,1,0,1,2022-07-27,2022-07-27,,1160320.0,1160320.0,,,,0,no original award inside the window - only later changes were captured,0
J02B2600001,DOT/SHA,conduent state and local solutions,1,0,1,2025-01-08,2025-01-08,,1159285.89,1159285.89,,,,0,no original award inside the window - only later changes were captured,0
COI24745,DIT,jobaps,1,0,1,2019-08-14,2019-08-14,,1154667.0,1154667.0,,,,0,no original award inside the window - only later changes were captured,0
COG83993,DIT,cr software a wholly owned subsidiary of fico,1,0,1,2016-07-27,2016-07-27,,1150184.0,1150184.0,,,,0,no original award inside the window - only later changes were captured,0
COK77863,DOT,viv soft technologies,1,0,1,2025-04-02,2025-04-02,,1144248.0,1144248.0,,,,0,no original award inside the window - only later changes were captured,1
COL10536,MDH,skyline technology solutions,1,0,1,2025-08-06,2025-08-06,,1141494.0,1141494.0,,,,0,no original award inside the window - only later changes were captured,0
S00B3600003,HCD,emphasys computer solutions,1,1,0,2023-06-07,2023-06-07,1138299.0,0,1138299.0,0.0,0.0,,0,"awarded in 2023, after the 2022 cutoff - not enough time to have been modified",0
D23B5600003,MCA,system automation,1,1,0,2025-02-12,2025-02-12,1124395.0,0,1124395.0,0.0,0.0,,0,"awarded in 2025, after the 2022 cutoff - not enough time to have been modified",0
COI43820,DIT,triad technology partners,1,0,1,2019-12-04,2019-12-04,,1116720.0,1116720.0,,,,0,no original award inside the window - only later changes were captured,0
N00B0600352,DOHR/OTHS,cdw government,1,1,0,2020-07-01,2020-07-01,1110724.0,0,1110724.0,0.0,0.0,,1,,0
COL24008,MDH,skyline technology solutions,1,0,1,2025-12-17,2025-12-17,,1100078.0,1100078.0,,,,0,no original award inside the window - only later changes were captured,0
J01P2600058,DOT,mythics,1,1,0,2022-08-31,2022-08-31,1094340.0,0,1094340.0,0.0,0.0,,1,,0
COJ10178,DIT,cmd investment group,2,0,2,2021-04-07,2021-06-02,,1093844.0,1093844.0,,,,0,no original award inside the window - only later changes were captured,0
COI07683,DIT,hamilton telephone,1,0,1,2019-04-24,2019-04-24,,1090925.0,1090925.0,,,,0,no original award inside the window - only later changes were captured,0
M00B3600205,MDH,3m health information systems,1,1,0,2022-10-12,2022-10-12,1084121.0,0,1084121.0,0.0,0.0,,1,,0
D38B6600002,ELECTLAW,clear ballot group,1,0,1,2025-10-01,2025-10-01,,1081635.0,1081635.0,,,,0,no original award inside the window - only later changes were captured,0
F50P3600006,DIT,environmental systems research institute,1,1,0,2022-10-26,2022-10-26,1075000.0,0,1075000.0,0.0,0.0,,1,,0
COJ92871,DOHR/OTHS,cdw government,1,0,1,2023-04-19,2023-04-19,,1074608.0,1074608.0,,,,0,no original award inside the window - only later changes were captured,0
E00B1600035,COMP,pitney bowes software,1,1,0,2021-03-24,2021-03-24,1074291.0,0,1074291.0,0.0,0.0,,1,,0
J01P4600010,DOT,en net services,1,1,0,2024-02-28,2024-02-28,1069925.94,0,1069925.94,0.0,0.0,,0,"awarded in 2024, after the 2022 cutoff - not enough time to have been modified",0
COH07773,DLLR,geographic solutions,1,0,1,2017-02-22,2017-02-22,,1059820.0,1059820.0,,,,0,no original award inside the window - only later changes were captured,0
P219047,DOT/MPA,dk consulting,1,1,0,2020-07-22,2020-07-22,1058554.0,0,1058554.0,0.0,0.0,,1,,0
N00B2600301,DOHR/OTHS,cdw government,1,1,0,2022-03-23,2022-03-23,1056426.0,0,1056426.0,0.0,0.0,,1,,0
REQ002891,DBM,blue collar objects,1,1,0,2023-05-03,2023-05-03,1056420.0,0,1056420.0,0.0,0.0,,0,"awarded in 2023, after the 2022 cutoff - not enough time to have been modified",0
Q00B4400101,PS,business and decision,2,0,2,2016-01-06,2017-04-26,,1054930.0,1054930.0,,,,0,no original award inside the window - only later changes were captured,0
COG68205,HMH,cognosante consulting,1,0,1,2016-05-25,2016-05-25,,1051461.0,1051461.0,,,,0,no original award inside the window - only later changes were captured,0
N00B1600515,DOHR/OTHS,cdw government,1,1,0,2021-09-01,2021-09-01,1044445.0,0,1044445.0,0.0,0.0,,1,,0
J05B8400008,DOT/MTA,swiftly,1,1,0,2018-01-03,2018-01-03,1043000.0,0,1043000.0,0.0,0.0,,1,,0
Q00P6600194,PS,applied technology services,1,1,0,2025-12-17,2025-12-17,1036683.0,0,1036683.0,0.0,0.0,,0,"awarded in 2025, after the 2022 cutoff - not enough time to have been modified",0
J01B0600010,DOT/MdTA,nec of america necam,1,1,0,2020-11-18,2020-11-18,1029470.0,0,1029470.0,0.0,0.0,,1,,0
J01P3600040,DOT/MdTA,usc canterbury,1,1,0,2023-09-06,2023-09-06,1028244.6,0,1028244.6,0.0,0.0,,0,"awarded in 2023, after the 2022 cutoff - not enough time to have been modified",0
COK76858,EDUC,sona networks,1,0,1,2025-01-29,2025-01-29,,1025440.0,1025440.0,,,,0,no original award inside the window - only later changes were captured,0
D38B9400015,ELECTLAW,elections systems and software es and s,1,1,0,2019-07-24,2019-07-24,1020845.0,0,1020845.0,0.0,0.0,,1,,0
N00B1600170,DOHR/OTHS,gioia p ambrette trading as newcastle communications,1,1,0,2020-12-02,2020-12-02,1015056.0,0,1015056.0,0.0,0.0,,1,,0
F50B4600039,DIT,carahsoft technology,1,1,0,2024-06-05,2024-06-05,1011756.53,0,1011756.53,0.0,0.0,,0,"awarded in 2024, after the 2022 cutoff - not enough time to have been modified",0
E00P460091,COMP,cas severn,1,1,0,2023-09-20,2023-09-20,1007362.04,0,1007362.04,0.0,0.0,,0,"awarded in 2023, after the 2022 cutoff - not enough time to have been modified",0
F50P2600134,DIT,environmental systems research institute,1,1,0,2021-10-20,2021-10-20,1000000.0,0,1000000.0,0.0,0.0,,1,,0
COJ52729,DIT,ernst and young,1,0,1,2022-06-08,2022-06-08,,1000000.0,1000000.0,,,,0,no original award inside the window - only later changes were captured,0
COK33609,DIT,cmd investment group,1,0,1,2024-05-15,2024-05-15,,1000000.0,1000000.0,,,,0,no original award inside the window - only later changes were captured,0
F50P1600083,DIT,cooper river government,1,1,0,2020-11-18,2020-11-18,999172.0,0,999172.0,0.0,0.0,,1,,0
R00B2600015,EDUC,canton group,1,1,0,2022-03-09,2022-03-09,998000.0,0,998000.0,0.0,0.0,,1,,0
R00B1600017,EDUC,sona networks,1,0,1,2024-01-31,2024-01-31,,996320.0,996320.0,,,,0,no original award inside the window - only later changes were captured,0
W00P5600791,MSP,motorola solutions,1,1,0,2024-12-18,2024-12-18,995188.13,0,995188.13,0.0,0.0,,0,"awarded in 2024, after the 2022 cutoff - not enough time to have been modified",0
F50B4600012,DIT,digital network group,1,1,0,2023-10-04,2023-10-04,995150.0,0,995150.0,0.0,0.0,,0,"awarded in 2023, after the 2022 cutoff - not enough time to have been modified",0
COI46345,DOT/MTA,trapeze software group,1,0,1,2020-01-29,2020-01-29,,989408.0,989408.0,,,,0,no original award inside the window - only later changes were captured,0
E00B0600021,COMP,telaforce,1,1,0,2020-03-04,2020-03-04,986770.0,0,986770.0,0.0,0.0,,1,,0
N00B3600506,DOHR,en net services,1,1,0,2023-09-20,2023-09-20,986000.84,0,986000.84,0.0,0.0,,0,"awarded in 2023, after the 2022 cutoff - not enough time to have been modified",0
M00B4600437,MDH,edge systems,1,1,0,2024-01-03,2024-01-03,983523.0,0,983523.0,0.0,0.0,,0,"awarded in 2024, after the 2022 cutoff - not enough time to have been modified",0
E00B5600031,COMP,mathtech,1,1,0,2025-04-23,2025-04-23,979200.0,0,979200.0,0.0,0.0,,0,"awarded in 2025, after the 2022 cutoff - not enough time to have been modified",0
P00B4600004,MDL,n 3 technologies,1,1,0,2023-09-06,2023-09-06,975520.0,0,975520.0,0.0,0.0,,0,"awarded in 2023, after the 2022 cutoff - not enough time to have been modified",0
R00B8400055,EDUC/DORS,electronic vision access solutions evas,1,0,1,2017-12-06,2017-12-06,,974777.0,974777.0,,,,0,no original award inside the window - only later changes were captured,0
J05B1600015,DOT/MTA,nec of america,1,1,0,2021-07-07,2021-07-07,970030.0,0,970030.0,0.0,0.0,,1,,0
N00P6600023,DOHR/OTHS,shi international,1,1,0,2025-07-16,2025-07-16,966525.0,0,966525.0,0.0,0.0,,0,"awarded in 2025, after the 2022 cutoff - not enough time to have been modified",0
J05B26000012,DOT/MTA,harsco rail,1,1,0,2022-05-11,2022-05-11,965025.0,0,965025.0,0.0,0.0,,1,,0
R00B9400034,EDUC/DORS,micropact,1,1,0,2018-10-03,2018-10-03,964700.0,0,964700.0,0.0,0.0,,1,,0
D38B4600001,ELECTLAW,clear ballot group,2,1,1,2023-09-06,2023-10-25,962510.0,0,962510.0,0.0,0.0,1,0,"awarded in 2023, after the 2022 cutoff - not enough time to have been modified",0
AG262000IT,DOT/MTA,p and c insurance systems,1,1,0,2026-06-18,2026-06-18,952760.0,0,952760.0,0.0,0.0,,0,"awarded in 2026, after the 2022 cutoff - not enough time to have been modified",0
R15P7400085,MPT,digital video group,1,1,0,2016-12-07,2016-12-07,951417.0,0,951417.0,0.0,0.0,,1,,0
Q00B8400125,PS/IT&CD,dataworks plus,1,1,0,2018-04-04,2018-04-04,947762.0,0,947762.0,0.0,0.0,,1,,0
W00P560073,MSP,applied technology services,1,1,0,2024-10-30,2024-10-30,946760.65,0,946760.65,0.0,0.0,,0,"awarded in 2024, after the 2022 cutoff - not enough time to have been modified",0
F50P4600411,DIT,hcgi hartford,1,1,0,2024-05-15,2024-05-15,943929.37,0,943929.37,0.0,0.0,,0,"awarded in 2024, after the 2022 cutoff - not enough time to have been modified",0
F50P4600370,DIT,applied technology services,1,1,0,2024-05-15,2024-05-15,942712.0,0,942712.0,0.0,0.0,,0,"awarded in 2024, after the 2022 cutoff - not enough time to have been modified",0
COG83979,DIT,jobaps,1,0,1,2016-07-27,2016-07-27,,939529.0,939529.0,,,,0,no original award inside the window - only later changes were captured,0
Q00B8400101,PS,ibm,1,1,0,2018-03-28,2018-03-28,938607.0,0,938607.0,0.0,0.0,,1,,0
COJ74850,DOT,intergraph dba hexagon ppm,1,0,1,2022-10-12,2022-10-12,,937023.0,937023.0,,,,0,no original award inside the window - only later changes were captured,0
Q00P4600838,PS,applied technology services,1,1,0,2023-10-25,2023-10-25,934794.0,0,934794.0,0.0,0.0,,0,"awarded in 2023, after the 2022 cutoff - not enough time to have been modified",0
M00P4601899,MDH,applied technology services,1,1,0,2024-07-17,2024-07-17,934766.0,0,934766.0,0.0,0.0,,0,"awarded in 2024, after the 2022 cutoff - not enough time to have been modified",0
J05B9400005,DOT/MdTA,xenatech software integration services,1,1,0,2018-10-17,2018-10-17,934713.0,0,934713.0,0.0,0.0,,1,,0
Q00P5601952,PS,software information resource,1,1,0,2025-04-02,2025-04-02,933460.0,0,933460.0,0.0,0.0,,0,"awarded in 2025, after the 2022 cutoff - not enough time to have been modified",0
060B6400047,DIT,franwell,1,1,0,2016-08-17,2016-08-17,930000.0,0,930000.0,0.0,0.0,,1,,0
E50B2600007,DAAT,international business machines,1,1,0,2022-06-08,2022-06-08,917000.0,0,917000.0,0.0,0.0,,1,,0
COJ56222,COMP,gantech,1,0,1,2022-06-08,2022-06-08,,916920.0,916920.0,,,,0,no original award inside the window - only later changes were captured,0
CO375006,DOT/MPA,gantech,1,0,1,2020-02-19,2020-02-19,,915533.0,915533.0,,,,0,no original award inside the window - only later changes were captured,0
J01P1600035,DOT,disys solutions,1,1,0,2021-10-20,2021-10-20,914026.38,0,914026.38,0.0,0.0,,1,,0
R95B8400003,BCCC,regent education,1,1,0,2017-12-20,2017-12-20,912900.0,0,912900.0,0.0,0.0,,1,,0
Q00P4601145,PS,applied technology services,1,1,0,2024-06-05,2024-06-05,910589.0,0,910589.0,0.0,0.0,,0,"awarded in 2024, after the 2022 cutoff - not enough time to have been modified",0
COJ04145,LOTT,scientific games international,1,0,1,2021-01-06,2021-01-06,,910400.0,910400.0,,,,0,no original award inside the window - only later changes were captured,0
M00B8400283,HMH,software technology group,2,2,0,2017-09-06,2017-10-18,409584.0,0,908544.0,498960.0,121.82,,1,,0
S00B0600047,HCD,emphasys computer solutions,1,1,0,2020-01-08,2020-01-08,900000.0,0,900000.0,0.0,0.0,,1,,0
J02P4600003,DOT/SHA,applied technology services,1,1,0,2023-10-04,2023-10-04,899486.0,0,899486.0,0.0,0.0,,0,"awarded in 2023, after the 2022 cutoff - not enough time to have been modified",0
P218035,DOT/MPA,client network services,1,1,0,2018-12-19,2018-12-19,897907.0,0,897907.0,0.0,0.0,,1,,0
S00B1600031,HCD,hancock software,1,1,0,2021-03-10,2021-03-10,896621.0,0,896621.0,0.0,0.0,,1,,0
N00B6600016,DOHR/OTHS,mvs,1,1,0,2025-08-06,2025-08-06,895371.5,0,895371.5,0.0,0.0,,0,"awarded in 2025, after the 2022 cutoff - not enough time to have been modified",0
J01B5600026,DOT,canon solution america,1,1,0,2025-01-08,2025-01-08,892760.0,0,892760.0,0.0,0.0,,0,"awarded in 2025, after the 2022 cutoff - not enough time to have been modified",0
P00B1600039,MDL,system automation,1,1,0,2020-12-16,2020-12-16,888660.0,0,888660.0,0.0,0.0,,1,,0
Q00P4601416,PS,digital information services,1,1,0,2023-11-08,2023-11-08,885341.0,0,885341.0,0.0,0.0,,0,"awarded in 2023, after the 2022 cutoff - not enough time to have been modified",0
D80B2600003,MIA,merp systems,1,1,0,2021-10-06,2021-10-06,883217.0,0,883217.0,0.0,0.0,,1,,0
J02P5600048,DOT/SHA,kmel dba keystone precision solutions,1,1,0,2025-05-21,2025-05-21,882671.0,0,882671.0,0.0,0.0,,0,"awarded in 2025, after the 2022 cutoff - not enough time to have been modified",0
F50B4600031,EDUC,cw professional services d b a lochbridge,1,1,0,2024-05-01,2024-05-01,878631.19,0,878631.19,0.0,0.0,,0,"awarded in 2024, after the 2022 cutoff - not enough time to have been modified",0
F50B4600011,DIT,equinix,1,1,0,2023-10-04,2023-10-04,874763.0,0,874763.0,0.0,0.0,,0,"awarded in 2023, after the 2022 cutoff - not enough time to have been modified",0
D38B1600004,ELECTLAW,clear ballot group,1,0,1,2020-12-02,2020-12-02,,870100.0,870100.0,,,,0,no original award inside the window - only later changes were captured,0
Q00B5600064,PS,business solutions group,1,1,0,2025-05-07,2025-05-07,869600.0,0,869600.0,0.0,0.0,,0,"awarded in 2025, after the 2022 cutoff - not enough time to have been modified",0
N00P3602447,DOHR,digital information services,1,1,0,2023-05-03,2023-05-03,867455.0,0,867455.0,0.0,0.0,,0,"awarded in 2023, after the 2022 cutoff - not enough time to have been modified",0
P219031,DOT/MPA,krishna tech,1,1,0,2019-09-18,2019-09-18,859200.0,0,859200.0,0.0,0.0,,1,,0
060B5400007,DIT,applied technology services,2,2,0,2020-04-22,2024-12-18,442000.0,0,832975.0,390975.0,88.46,,1,,0
50P5600007,DIT,innosoft,1,1,0,2024-07-17,2024-07-17,831600.0,0,831600.0,0.0,0.0,,0,"awarded in 2024, after the 2022 cutoff - not enough time to have been modified",1
COJ96721,MSP,axon enterprises,1,0,1,2023-04-05,2023-04-05,,831489.0,831489.0,,,,0,no original award inside the window - only later changes were captured,0
E00P4600214,COMP,knot technology solutions,1,1,0,2024-01-03,2024-01-03,824971.0,0,824971.0,0.0,0.0,,0,"awarded in 2024, after the 2022 cutoff - not enough time to have been modified",0
F10B1600033,DBM,milliman,1,0,1,2026-05-20,2026-05-20,,823680.0,823680.0,,,,0,no original award inside the window - only later changes were captured,0
J04B2600019,DOT/MVA,thales dis usa,1,1,0,2022-08-10,2022-08-10,822222.0,0,822222.0,0.0,0.0,,1,,0
E00B5600011,COMP,rocket software,1,1,0,2024-11-20,2024-11-20,820083.0,0,820083.0,0.0,0.0,,0,"awarded in 2024, after the 2022 cutoff - not enough time to have been modified",0
MDOTTS2611,DOT,mythics,1,1,0,2026-02-18,2026-02-18,820000.0,0,820000.0,0.0,0.0,,0,"awarded in 2026, after the 2022 cutoff - not enough time to have been modified",0
J01P4600036,DOT,applied technology services,1,1,0,2024-12-18,2024-12-18,813679.0,0,813679.0,0.0,0.0,,0,"awarded in 2024, after the 2022 cutoff - not enough time to have been modified",0
COJ76820,MDL,nec of america,1,1,0,2022-12-07,2022-12-07,811850.0,0,811850.0,0.0,0.0,,1,,0
P00B6600024,MDL,kani solutions,1,1,0,2025-11-19,2025-11-19,811200.0,0,811200.0,0.0,0.0,,0,"awarded in 2025, after the 2022 cutoff - not enough time to have been modified",0
N00B5600371,DOHR/OTHS,mvs,1,1,0,2025-04-23,2025-04-23,810617.1,0,810617.1,0.0,0.0,,0,"awarded in 2025, after the 2022 cutoff - not enough time to have been modified",0
COJ20477,MDL,n 3 technologies,1,0,1,2021-08-11,2021-08-11,,802880.0,802880.0,,,,0,no original award inside the window - only later changes were captured,0
COG92850,PS,appriss,1,0,1,2016-10-05,2016-10-05,,802530.0,802530.0,,,,0,no original award inside the window - only later changes were captured,0
COH36341,PS/IT&CD,appriss,1,0,1,2017-09-20,2017-09-20,,802530.0,802530.0,,,,0,no original award inside the window - only later changes were captured,0
R00B5600110,EDUC,advanced computer concepts,1,1,0,2025-05-21,2025-05-21,801914.97,0,801914.97,0.0,0.0,,0,"awarded in 2025, after the 2022 cutoff - not enough time to have been modified",0
COJ82217,DOHR/CSEA,maximus human services maximus,1,0,1,2022-12-07,2022-12-07,,800716.0,800716.0,,,,0,no original award inside the window - only later changes were captured,0
COJ06125,DOT/MVA,mathtech,1,0,1,2021-02-10,2021-02-10,,800000.0,800000.0,,,,0,no original award inside the window - only later changes were captured,0
D38B8400001,ELECTLAW,elections systems and software,1,1,0,2017-09-20,2017-09-20,797644.0,0,797644.0,0.0,0.0,,1,,0
P00B1600089,MDL,elegant enterprise wide solution,1,0,1,2021-07-28,2021-07-28,,796474.0,796474.0,,,,0,no original award inside the window - only later changes were captured,0
J01P4600011,DOT,applied technology services,1,1,0,2024-05-15,2024-05-15,793200.0,0,793200.0,0.0,0.0,,0,"awarded in 2024, after the 2022 cutoff - not enough time to have been modified",0
J05B5600005,DOT/MTA,s and a systems,1,1,0,2025-05-07,2025-05-07,792176.0,0,792176.0,0.0,0.0,,0,"awarded in 2025, after the 2022 cutoff - not enough time to have been modified",0
R00B3600012,EDUC,consultants consortium,2,1,1,2023-07-05,2023-07-05,386410.0,405605.0,792015.0,405605.0,104.97,0,0,"awarded in 2023, after the 2022 cutoff - not enough time to have been modified",0
J05P5600012,DOT/MTA,cas severn,1,1,0,2025-03-19,2025-03-19,792000.0,0,792000.0,0.0,0.0,,0,"awarded in 2025, after the 2022 cutoff - not enough time to have been modified",0
060B6400030,DIT,govdelivery,1,1,0,2017-03-22,2017-03-22,791961.0,0,791961.0,0.0,0.0,,1,,0
D38B0600003,ELECTLAW,clear ballot group,1,1,0,2019-08-14,2019-08-14,791000.0,0,791000.0,0.0,0.0,,1,,0
S00B7400002,HCD,hancock software,1,1,0,2016-08-17,2016-08-17,787850.0,0,787850.0,0.0,0.0,,1,,0
COK04795,DOT/MVA,idemia identity and security usa,1,0,1,2023-08-23,2023-08-23,,786583.0,786583.0,,,,0,no original award inside the window - only later changes were captured,0
COI07483,PS,appriss,1,0,1,2019-08-14,2019-08-14,,777000.0,777000.0,,,,0,no original award inside the window - only later changes were captured,0
E00B2600022,COMP,levi ray and shoup,1,1,0,2022-05-11,2022-05-11,771943.0,0,771943.0,0.0,0.0,,1,,0
CO435014,DOT/MTA,adp,1,0,1,2026-06-18,2026-06-18,,771688.0,771688.0,,,,0,no original award inside the window - only later changes were captured,0
W00P4600521,MSP,motorola solutions,1,1,0,2024-01-03,2024-01-03,771440.25,0,771440.25,0.0,0.0,,0,"awarded in 2024, after the 2022 cutoff - not enough time to have been modified",0
N00B9400299,DOHR/OTHS,cdw government,1,1,0,2019-03-20,2019-03-20,770000.0,0,770000.0,0.0,0.0,,1,,0
CO139415,DOT/MTA,trapeze software group,1,0,1,2019-10-02,2019-10-02,,763549.0,763549.0,,,,0,no original award inside the window - only later changes were captured,0
P00B8400048,DLLR,state regulatory registry,1,1,0,2018-06-20,2018-06-20,759946.0,0,759946.0,0.0,0.0,,1,,0
R00B4600163,EDUC,advanced computer concepts,1,1,0,2024-07-03,2024-07-03,757528.39,0,757528.39,0.0,0.0,,0,"awarded in 2024, after the 2022 cutoff - not enough time to have been modified",0
COL29958,MDH,advanced management services,1,0,1,2026-04-01,2026-04-01,,753303.0,753303.0,,,,0,no original award inside the window - only later changes were captured,0
F50B4600017,DIT,environmental systems research institute,1,1,0,2023-10-25,2023-10-25,750000.0,0,750000.0,0.0,0.0,,0,"awarded in 2023, after the 2022 cutoff - not enough time to have been modified",0
M00B4600458,MDH,iconnect consulting,1,1,0,2024-01-03,2024-01-03,746650.0,0,746650.0,0.0,0.0,,0,"awarded in 2024, after the 2022 cutoff - not enough time to have been modified",0
J01B5600016,DOT/MdTA,applied technology services,1,1,0,2025-04-23,2025-04-23,741912.0,0,741912.0,0.0,0.0,,0,"awarded in 2025, after the 2022 cutoff - not enough time to have been modified",0
COH89222,DNR,camis usa,1,0,1,2019-01-02,2019-01-02,,737750.0,737750.0,,,,0,no original award inside the window - only later changes were captured,0
JO1B4600002,DOT/MdTA,advanced computer concepts,1,1,0,2024-01-17,2024-01-17,736781.3,0,736781.3,0.0,0.0,,0,"awarded in 2024, after the 2022 cutoff - not enough time to have been modified",0
F50P5600127,DIT,dsr,1,1,0,2024-11-20,2024-11-20,733481.0,0,733481.0,0.0,0.0,,0,"awarded in 2024, after the 2022 cutoff - not enough time to have been modified",0
COJ34440,DOT/MTA,trapeze software group,1,0,1,2021-09-01,2021-09-01,,729430.0,729430.0,,,,0,no original award inside the window - only later changes were captured,0
E00B6400072,COMP,pitney bowes software,1,1,0,2016-03-09,2016-03-09,728610.0,0,728610.0,0.0,0.0,,1,,0
R95B9400007,BCCC,hartman executive advisors,1,1,0,2019-07-03,2019-07-03,725000.0,0,725000.0,0.0,0.0,,1,,0
COK24571,DIT,centurylink communications,1,0,1,2023-10-25,2023-10-25,,720000.0,720000.0,,,,0,no original award inside the window - only later changes were captured,0
Q00P6601658,PS,digital information services,1,1,0,2025-12-17,2025-12-17,716898.72,0,716898.72,0.0,0.0,,0,"awarded in 2025, after the 2022 cutoff - not enough time to have been modified",1
J04B260005,DOT/MVA,opex,1,1,0,2021-10-20,2021-10-20,707334.0,0,707334.0,0.0,0.0,,1,,0
D38B8400003,ELECTLAW,clear ballot group,1,1,0,2017-11-01,2017-11-01,704000.0,0,704000.0,0.0,0.0,,1,,0
E00B7400043,DIT,levi ray and shoup,1,1,0,2017-05-24,2017-05-24,699755.0,0,699755.0,0.0,0.0,,1,,0
E00B2600037,COMP,asg technologies group,1,1,0,2022-07-06,2022-07-06,699612.0,0,699612.0,0.0,0.0,,1,,0
F50P4600023,DIT,applied technology services,1,1,0,2023-11-29,2023-11-29,699287.15,0,699287.15,0.0,0.0,,0,"awarded in 2023, after the 2022 cutoff - not enough time to have been modified",0
S00B9400093,HCD,hancock software,1,1,0,2019-05-22,2019-05-22,698736.0,0,698736.0,0.0,0.0,,1,,0
COJ96804,DGS,fei com d b a fei systems,1,0,1,2023-05-17,2023-05-17,,692937.0,692937.0,,,,0,no original award inside the window - only later changes were captured,0
J05B9400012,DOT/MTA,p and c insurance systems,1,1,0,2019-01-02,2019-01-02,692260.0,0,692260.0,0.0,0.0,,1,,0
Q00B5600015,PS,zones it solutions dba zones,1,1,0,2025-04-23,2025-04-23,690214.52,0,690214.52,0.0,0.0,,0,"awarded in 2025, after the 2022 cutoff - not enough time to have been modified",0
Q00B2600014,PS,applied technology services,1,1,0,2022-04-06,2022-04-06,689700.0,0,689700.0,0.0,0.0,,1,,0
Q00P5600238,PS,ibm,1,1,0,2025-01-29,2025-01-29,686213.0,0,686213.0,0.0,0.0,,0,"awarded in 2025, after the 2022 cutoff - not enough time to have been modified",0
001B6600073,DGS,navitas business consulting,1,1,0,2025-08-27,2025-08-27,685802.0,0,685802.0,0.0,0.0,,0,"awarded in 2025, after the 2022 cutoff - not enough time to have been modified",0
E00P4600502,COMP,ost,2,1,1,2024-05-15,2025-05-21,210960.0,474081.0,685041.0,474081.0,224.73,12,0,"awarded in 2024, after the 2022 cutoff - not enough time to have been modified",0
S00B6600050,HCD,hotb software solutions,1,1,0,2026-05-20,2026-05-20,685000.0,0,685000.0,0.0,0.0,,0,"awarded in 2026, after the 2022 cutoff - not enough time to have been modified",0
COK43518,MDL,orijin pbc formerly american prison data systems pbc,1,0,1,2024-06-05,2024-06-05,,680430.0,680430.0,,,,0,no original award inside the window - only later changes were captured,0
R15P3600241,MPT,digital video group,1,1,0,2022-12-21,2022-12-21,680128.0,0,680128.0,0.0,0.0,,1,,0
Q00P5600501,PS,digital information services,1,1,0,2024-10-30,2024-10-30,678316.0,0,678316.0,0.0,0.0,,0,"awarded in 2024, after the 2022 cutoff - not enough time to have been modified",0
COJ53181,DOT/MVA,custom software systems,1,0,1,2022-08-31,2022-08-31,,677866.93,677866.93,,,,0,no original award inside the window - only later changes were captured,0
V00B1600001,DJS,fei com dba fei systems,1,1,0,2020-06-17,2020-06-17,675000.0,0,675000.0,0.0,0.0,,1,,0
J05B7400013,DOT/MTA,xerox transport solutions,1,1,0,2017-03-22,2017-03-22,670000.0,0,670000.0,0.0,0.0,,1,,0
J01P2600097,DOT/MTA,applied technology services,1,1,0,2023-07-05,2023-07-05,668239.0,0,668239.0,0.0,0.0,,0,"awarded in 2023, after the 2022 cutoff - not enough time to have been modified",0
CO416646,DOT/MPA,kci technologies,1,0,1,2024-07-17,2024-07-17,,666666.0,666666.0,,,,0,no original award inside the window - only later changes were captured,0
CO422943,DOT/MPA,johnson mirmiran and thompson,1,0,1,2024-12-18,2024-12-18,,666666.0,666666.0,,,,0,no original award inside the window - only later changes were captured,0
COK07357,DOHR,microsoft,1,0,1,2023-07-19,2023-07-19,,665445.0,665445.0,,,,0,no original award inside the window - only later changes were captured,0
V00B1600002,DJS,national council on crime and delinquency,1,1,0,2020-06-17,2020-06-17,665400.0,0,665400.0,0.0,0.0,,1,,0
M00B3600415,MDH,perkinelmer health sciences,1,1,0,2023-01-04,2023-01-04,664344.0,0,664344.0,0.0,0.0,,0,"awarded in 2023, after the 2022 cutoff - not enough time to have been modified",0
P00B5600043,MDL,optimal solutions group,1,1,0,2025-01-29,2025-01-29,661702.0,0,661702.0,0.0,0.0,,0,"awarded in 2025, after the 2022 cutoff - not enough time to have been modified",0
COH61640,BCCC,regent education,2,0,2,2018-07-19,2021-01-06,,660945.0,660945.0,,,,0,no original award inside the window - only later changes were captured,0
CTR017913,MSP,alliance info systems,1,1,0,2024-06-05,2024-06-05,660316.0,0,660316.0,0.0,0.0,,0,"awarded in 2024, after the 2022 cutoff - not enough time to have been modified",0
V00B5600035,DJS,orijin pbc,1,1,0,2025-05-07,2025-05-07,657199.0,0,657199.0,0.0,0.0,,0,"awarded in 2025, after the 2022 cutoff - not enough time to have been modified",0
COI47388,DIT,cornerstone ondemand,1,0,1,2020-01-29,2020-01-29,,655183.0,655183.0,,,,0,no original award inside the window - only later changes were captured,0
Q00B0600104,PS,datamaxx applied technologies,1,1,0,2020-09-23,2020-09-23,650477.0,0,650477.0,0.0,0.0,,1,,0
F50P5600232,DIT,"Qlarion, LLC 4.1(a) 4A Consulting, LLC 4.1(b) Elegant Enterprise-Wide Solutions, Inc. 4.1(c) Infojini, Inc.",1,0,1,2024-12-04,2024-12-04,,647134.62,647134.62,,,,0,no original award inside the window - only later changes were captured,1
001B0600162,MSP,nec of america,1,1,0,2023-11-29,2023-11-29,645703.0,0,645703.0,0.0,0.0,,0,"awarded in 2023, after the 2022 cutoff - not enough time to have been modified",0
J05B2600001,DOT/MTA,remix technologies,1,1,0,2021-07-07,2021-07-07,645000.0,0,645000.0,0.0,0.0,,1,,0
Q00P1605937,PS,applied technology services,1,1,0,2023-06-07,2023-06-07,644756.0,0,644756.0,0.0,0.0,,0,"awarded in 2023, after the 2022 cutoff - not enough time to have been modified",0
Q00B6400071,PS,b i,1,0,1,2016-12-07,2016-12-07,,642469.0,642469.0,,,,0,no original award inside the window - only later changes were captured,0
D38B4600006,ELECTLAW,elections systems and software,1,0,1,2023-10-25,2023-10-25,,641900.0,641900.0,,,,0,no original award inside the window - only later changes were captured,0
J01B1600006,DOT/MdTA,insight public sector,1,1,0,2022-05-11,2022-05-11,638827.0,0,638827.0,0.0,0.0,,1,,0
Q00B7400045,PS,compuware,1,1,0,2016-12-21,2016-12-21,633228.0,0,633228.0,0.0,0.0,,1,,0
Q00B0600035,PS,compuware,1,1,0,2020-02-19,2020-02-19,633228.0,0,633228.0,0.0,0.0,,1,,0
J05P3600037,DOT/MTA,motorola solutions,1,1,0,2023-10-04,2023-10-04,631461.0,0,631461.0,0.0,0.0,,0,"awarded in 2023, after the 2022 cutoff - not enough time to have been modified",0
R00B2600109,EDUC,howard technology solutions dba howard technology solutions,1,1,0,2022-07-27,2022-07-27,625269.0,0,625269.0,0.0,0.0,,1,,0
J01B5600021,DOT,vertosoft,1,1,0,2024-12-18,2024-12-18,624883.0,0,624883.0,0.0,0.0,,0,"awarded in 2024, after the 2022 cutoff - not enough time to have been modified",0
COH81040,DLLR,geographic solutions,1,0,1,2018-09-26,2018-09-26,,624328.0,624328.0,,,,0,no original award inside the window - only later changes were captured,0
D53B6400007,MIEMSS,imagetrend,1,1,0,2016-05-25,2016-05-25,624269.0,0,624269.0,0.0,0.0,,1,,0
F10B1600040,DBM,blue collar objects,1,0,1,2021-05-19,2021-05-19,,623959.0,623959.0,,,,0,no original award inside the window - only later changes were captured,0
M00B6600247,MDH,clinisys,1,1,0,2025-10-01,2025-10-01,622273.0,0,622273.0,0.0,0.0,,0,"awarded in 2025, after the 2022 cutoff - not enough time to have been modified",0
J01P4600048,DOT,applied technology services,1,1,0,2025-03-19,2025-03-19,620320.0,0,620320.0,0.0,0.0,,0,"awarded in 2025, after the 2022 cutoff - not enough time to have been modified",0
COJ66936,DIT,metrc,1,0,1,2022-08-10,2022-08-10,,620000.0,620000.0,,,,0,no original award inside the window - only later changes were captured,0
BPM036718,DIT,en net,1,1,0,2023-06-07,2023-06-07,618795.94,0,618795.94,0.0,0.0,,0,"awarded in 2023, after the 2022 cutoff - not enough time to have been modified",0
F50P1600160,DIT,prosys information systems,1,1,0,2020-12-02,2020-12-02,616466.0,0,616466.0,0.0,0.0,,1,,0
S00B1600108,HCD,agate software,1,1,0,2021-09-01,2021-09-01,615360.0,0,615360.0,0.0,0.0,,1,,0
COH76594,PS/IT&CD,gemalto cogent,1,0,1,2018-09-26,2018-09-26,,613017.0,613017.0,,,,0,no original award inside the window - only later changes were captured,0
F50B7400027,DIT,sk net,1,1,0,2017-06-07,2017-06-07,611673.0,0,611673.0,0.0,0.0,,1,,0
Q00P6601661,PS,ibm,1,1,0,2026-01-07,2026-01-07,610110.0,0,610110.0,0.0,0.0,,0,"awarded in 2026, after the 2022 cutoff - not enough time to have been modified",0
R00B5600210,EDUC,applied technology services,1,1,0,2025-08-27,2025-08-27,606144.0,0,606144.0,0.0,0.0,,0,"awarded in 2025, after the 2022 cutoff - not enough time to have been modified",0
R62B0600005,DGS,interclypse,1,1,0,2019-10-30,2019-10-30,604273.0,0,604273.0,0.0,0.0,,1,,0
J01P4600028,DOT,applied technology services,1,1,0,2025-03-19,2025-03-19,601933.0,0,601933.0,0.0,0.0,,0,"awarded in 2025, after the 2022 cutoff - not enough time to have been modified",0
P218007,DOT/MPA,syscom,1,1,0,2018-05-16,2018-05-16,600000.0,0,600000.0,0.0,0.0,,1,,0
K00B0400091,DNR,active network,1,0,1,2016-03-23,2016-03-23,,600000.0,600000.0,,,,0,no original award inside the window - only later changes were captured,0
CO383025,DOT/MPA,syscom,1,0,1,2020-10-21,2020-10-21,,600000.0,600000.0,,,,0,no original award inside the window - only later changes were captured,0
COJ01238,DOT/MVA,fast enterprises,1,0,1,2020-12-16,2020-12-16,,600000.0,600000.0,,,,0,no original award inside the window - only later changes were captured,0
Q00B3600014,PS,ibm,1,1,0,2022-12-21,2022-12-21,596034.0,0,596034.0,0.0,0.0,,1,,0
J01B0600037,DOT/MdTA,maryland control technologies,1,1,0,2020-08-12,2020-08-12,594940.0,0,594940.0,0.0,0.0,,1,,0
COL24100,COMP,revenue solutions,1,0,1,2026-01-07,2026-01-07,,594380.0,594380.0,,,,0,no original award inside the window - only later changes were captured,0
COK44732,ELECTLAW,elections systems and software,1,0,1,2024-07-03,2024-07-03,,591900.0,591900.0,,,,0,no original award inside the window - only later changes were captured,0
R00B4600087,EDUC,mathtech,2,0,2,2024-01-31,2025-01-29,,589662.24,589662.24,,,,0,no original award inside the window - only later changes were captured,1
F50B7400026,DIT,navigator management partners,1,1,0,2017-06-07,2017-06-07,588973.0,0,588973.0,0.0,0.0,,1,,0
M00B7400506,HMH,oz systems usa,1,1,0,2017-03-08,2017-03-08,588110.0,0,588110.0,0.0,0.0,,1,,0
Q00B6400029,PS,ibm,1,1,0,2016-02-10,2016-02-10,587876.0,0,587876.0,0.0,0.0,,1,,0
J01P4600003,DOT,applied technology services,1,1,0,2024-02-28,2024-02-28,584050.0,0,584050.0,0.0,0.0,,0,"awarded in 2024, after the 2022 cutoff - not enough time to have been modified",0
COI45280,LOTT,scientific games international,1,0,1,2020-01-08,2020-01-08,,579250.0,579250.0,,,,0,no original award inside the window - only later changes were captured,0
G20B4600009,RETAGCY,idology,1,1,0,2024-03-13,2024-03-13,575000.0,0,575000.0,0.0,0.0,,0,"awarded in 2024, after the 2022 cutoff - not enough time to have been modified",0
V00B8400055,DJS,national council on crime and delinquency,1,1,0,2017-06-21,2017-06-21,574782.0,0,574782.0,0.0,0.0,,1,,0
Q00P4601385,PS,ibm,1,1,0,2024-01-31,2024-01-31,574426.0,0,574426.0,0.0,0.0,,0,"awarded in 2024, after the 2022 cutoff - not enough time to have been modified",0
F50B0600047,DIT,centurylink communications,1,1,0,2020-05-20,2020-05-20,570000.0,0,570000.0,0.0,0.0,,1,,0
F50B7400002,DIT,sk net,1,1,0,2016-06-22,2016-06-22,563040.0,0,563040.0,0.0,0.0,,1,,0
F50B7400025,DIT,elicitek,1,1,0,2017-06-07,2017-06-07,560742.0,0,560742.0,0.0,0.0,,1,,0
Q00B1600778,PS,applied technology services,1,1,0,2020-12-16,2020-12-16,560700.0,0,560700.0,0.0,0.0,,1,,0
J02P460016,DOT/SHA,dsr,1,1,0,2024-01-03,2024-01-03,560400.0,0,560400.0,0.0,0.0,,0,"awarded in 2024, after the 2022 cutoff - not enough time to have been modified",0
J04B2600010,DOT/MVA,j d power,1,1,0,2022-04-06,2022-04-06,560000.0,0,560000.0,0.0,0.0,,1,,0
F50P5600352,DIT,applied technology services,1,1,0,2025-03-19,2025-03-19,555353.0,0,555353.0,0.0,0.0,,0,"awarded in 2025, after the 2022 cutoff - not enough time to have been modified",0
R00B3600148,EDUC,dsr,1,1,0,2023-07-05,2023-07-05,552046.96,0,552046.96,0.0,0.0,,0,"awarded in 2023, after the 2022 cutoff - not enough time to have been modified",0
CO437026,DOT,serigor,1,0,1,2026-09-02,2026-09-02,,550000.0,550000.0,,,,0,no original award inside the window - only later changes were captured,1
F10B4600010,DBM/OPSB,carahsoft technology,1,1,0,2023-11-29,2023-11-29,547745.0,0,547745.0,0.0,0.0,,0,"awarded in 2023, after the 2022 cutoff - not enough time to have been modified",0
Q00P6602678,PS,cas severn,1,1,0,2026-04-22,2026-04-22,546970.0,0,546970.0,0.0,0.0,,0,"awarded in 2026, after the 2022 cutoff - not enough time to have been modified",0
N00P4601970,DOHR,applied technology services,1,1,0,2024-03-13,2024-03-13,544431.0,0,544431.0,0.0,0.0,,0,"awarded in 2024, after the 2022 cutoff - not enough time to have been modified",0
M00B5400531,HMH/DDA,health risk screening,1,0,1,2017-04-26,2017-04-26,,542500.0,542500.0,,,,0,no original award inside the window - only later changes were captured,0
M00B8400556,MDH,health risk screening,1,0,1,2018-03-28,2018-03-28,,542500.0,542500.0,,,,0,no original award inside the window - only later changes were captured,0
M00B9400456,MDH,health risk screening,1,0,1,2019-05-22,2019-05-22,,542500.0,542500.0,,,,0,no original award inside the window - only later changes were captured,0
COH73128,MDH,data entry,1,0,1,2018-08-01,2018-08-01,,541146.0,541146.0,,,,0,no original award inside the window - only later changes were captured,0
COG74192,COMP,compuware,1,0,1,2016-07-06,2016-07-06,,539978.0,539978.0,,,,0,no original award inside the window - only later changes were captured,0
R00B5400059,EDUC,conduent state and local solutions,1,0,1,2020-11-18,2020-11-18,,538166.0,538166.0,,,,0,no original award inside the window - only later changes were captured,0
F10B9400025,DIT,business solutions group,1,1,0,2018-10-17,2018-10-17,536227.0,0,536227.0,0.0,0.0,,1,,0
R00B4600065,EDUC,applied technology services,1,1,0,2024-02-14,2024-02-14,532140.0,0,532140.0,0.0,0.0,,0,"awarded in 2024, after the 2022 cutoff - not enough time to have been modified",0
R00B4600007,EDUC,navigate 360,1,1,0,2023-09-06,2023-09-06,530914.0,0,530914.0,0.0,0.0,,0,"awarded in 2023, after the 2022 cutoff - not enough time to have been modified",0
COK76800,DIT,carahsoft technology,1,0,1,2025-01-08,2025-01-08,,529388.0,529388.0,,,,0,no original award inside the window - only later changes were captured,0
M00B3600618,MDH,shi international,1,1,0,2024-04-03,2024-04-03,528846.0,0,528846.0,0.0,0.0,,0,"awarded in 2024, after the 2022 cutoff - not enough time to have been modified",0
COI08787,COMP,caci enterprise solutions,1,0,1,2019-05-08,2019-05-08,,528783.0,528783.0,,,,0,no original award inside the window - only later changes were captured,0
COG80198,ELECTLAW,elections systems and software,1,0,1,2016-08-17,2016-08-17,,525505.0,525505.0,,,,0,no original award inside the window - only later changes were captured,0
COK20719,EDUC,canton group,1,0,1,2023-09-20,2023-09-20,,525371.0,525371.0,,,,0,no original award inside the window - only later changes were captured,0
E00B260024,COMP,sas institute,1,1,0,2022-05-11,2022-05-11,524757.0,0,524757.0,0.0,0.0,,1,,0
COI41119,ELECTLAW,elections systems and software es and s,1,0,1,2019-12-04,2019-12-04,,524505.0,524505.0,,,,0,no original award inside the window - only later changes were captured,0
R00B5600041,EDUC,creative information,1,1,0,2025-01-29,2025-01-29,522240.0,0,522240.0,0.0,0.0,,0,"awarded in 2025, after the 2022 cutoff - not enough time to have been modified",0
E00B5600024,COMP,baytek,1,1,0,2025-11-05,2025-11-05,521774.0,0,521774.0,0.0,0.0,,0,"awarded in 2025, after the 2022 cutoff - not enough time to have been modified",0
Q00B9400213,PS,tecore networks,1,1,0,2019-04-03,2019-04-03,520000.0,0,520000.0,0.0,0.0,,1,,0
P217042,DOT/MPA,noovis,1,1,0,2018-01-24,2018-01-24,519097.0,0,519097.0,0.0,0.0,,1,,0
E00P4600234,COMP,applied technology services,1,1,0,2024-01-31,2024-01-31,518718.0,0,518718.0,0.0,0.0,,0,"awarded in 2024, after the 2022 cutoff - not enough time to have been modified",0
J01B2600018,DOT,leidos digital solutions,1,1,0,2022-04-27,2022-04-27,516201.0,0,516201.0,0.0,0.0,,1,,0
F50B4400050,DIT,sk net,1,0,1,2016-03-09,2016-03-09,,516120.0,516120.0,,,,0,no original award inside the window - only later changes were captured,0
Q00B0600080,PS,ibm,1,1,0,2020-07-01,2020-07-01,515458.0,0,515458.0,0.0,0.0,,1,,0
COK46910,DIT,federal engineering,1,0,1,2024-05-15,2024-05-15,,514439.0,514439.0,,,,0,no original award inside the window - only later changes were captured,0
E00B9400001,COMP,recovery point systems,1,0,1,2018-08-22,2018-08-22,,510723.0,510723.0,,,,0,no original award inside the window - only later changes were captured,0
R62B4600001,MHEC,interclypse,2,0,2,2023-09-20,2025-08-27,,510639.0,510639.0,,,,0,no original award inside the window - only later changes were captured,0
V00P5600276,DJS,mythics,1,1,0,2024-12-18,2024-12-18,509727.87,0,509727.87,0.0,0.0,,0,"awarded in 2024, after the 2022 cutoff - not enough time to have been modified",0
J01B7400018,DOT,leidos digital solutions,1,1,0,2017-04-05,2017-04-05,508000.0,0,508000.0,0.0,0.0,,1,,0
K00P3601374,DNR,motorola solutions,1,1,0,2024-01-17,2024-01-17,505838.3,0,505838.3,0.0,0.0,,0,"awarded in 2024, after the 2022 cutoff - not enough time to have been modified",0
R11B4600001,MSL,keystone systems,1,1,0,2024-01-03,2024-01-03,503474.0,0,503474.0,0.0,0.0,,0,"awarded in 2024, after the 2022 cutoff - not enough time to have been modified",0
F50P4600444,DIT,shi international,1,1,0,2024-05-01,2024-05-01,500986.09,0,500986.09,0.0,0.0,,0,"awarded in 2024, after the 2022 cutoff - not enough time to have been modified",0
COK36000,MDH,gainwell technologies,1,0,1,2024-02-28,2024-02-28,,500000.0,500000.0,,,,0,no original award inside the window - only later changes were captured,0
J00P5600002,DOT/MAA,cas severn,1,1,0,2025-03-19,2025-03-19,499750.0,0,499750.0,0.0,0.0,,0,"awarded in 2025, after the 2022 cutoff - not enough time to have been modified",0
F50B5600009,DIT,carahsoft technology,1,1,0,2025-02-12,2025-02-12,499700.0,0,499700.0,0.0,0.0,,0,"awarded in 2025, after the 2022 cutoff - not enough time to have been modified",0
J05B5600003,DOT/MTA,sinwaves dba lyt,1,1,0,2025-09-10,2025-09-10,497500.0,0,497500.0,0.0,0.0,,0,"awarded in 2025, after the 2022 cutoff - not enough time to have been modified",0
COG61203,DIT,navigator management partners,1,0,1,2016-03-09,2016-03-09,,493600.0,493600.0,,,,0,no original award inside the window - only later changes were captured,0
Q00P4602171,PS,applied technology services,1,1,0,2024-04-03,2024-04-03,493088.0,0,493088.0,0.0,0.0,,0,"awarded in 2024, after the 2022 cutoff - not enough time to have been modified",0
J01B4600035,DOT/MdTA,control technologies,1,1,0,2024-07-03,2024-07-03,490362.0,0,490362.0,0.0,0.0,,0,"awarded in 2024, after the 2022 cutoff - not enough time to have been modified",0
F50B4600041,SOS/DSD,open law library,1,1,0,2024-06-05,2024-06-05,490000.0,0,490000.0,0.0,0.0,,0,"awarded in 2024, after the 2022 cutoff - not enough time to have been modified",0
J02P3600053,DOT/SHA,dsr,1,1,0,2023-07-19,2023-07-19,489600.0,0,489600.0,0.0,0.0,,0,"awarded in 2023, after the 2022 cutoff - not enough time to have been modified",0
F50B2600034,EDUC,innosoft,2,1,1,2023-11-08,2025-05-07,241362.0,246193.2,487555.2,246193.2,102.0,18,0,"awarded in 2023, after the 2022 cutoff - not enough time to have been modified",0
COI44500,TREAS,a and t systems,1,0,1,2020-01-08,2020-01-08,,484880.0,484880.0,,,,0,no original award inside the window - only later changes were captured,0
COJ48692,DIT,jobaps,1,0,1,2022-07-27,2022-07-27,,483068.0,483068.0,,,,0,no original award inside the window - only later changes were captured,0
F50P1600058,DIT,environmental systems research institute,2,2,0,2020-10-07,2020-11-04,241507.0,0,483014.0,241507.0,100.0,,1,,0
COG61201,DIT,ap ventures,1,0,1,2016-03-09,2016-03-09,,482460.0,482460.0,,,,0,no original award inside the window - only later changes were captured,0
Q00B5600012,PS,verizon communications,1,1,0,2024-10-16,2024-10-16,482123.0,0,482123.0,0.0,0.0,,0,"awarded in 2024, after the 2022 cutoff - not enough time to have been modified",0
COI79472,MDL,geographic solutions,1,0,1,2020-11-04,2020-11-04,,477504.0,477504.0,,,,0,no original award inside the window - only later changes were captured,0
COL24893,DIT,ecg,1,0,1,2026-03-18,2026-03-18,,476040.0,476040.0,,,,0,no original award inside the window - only later changes were captured,0
F50P6600237,DIT,environmental systems research institute,1,1,0,2025-11-05,2025-11-05,475000.0,0,475000.0,0.0,0.0,,0,"awarded in 2025, after the 2022 cutoff - not enough time to have been modified",0
Q00B6400144,PS/IT&CD,ibm,1,1,0,2017-02-22,2017-02-22,467584.0,0,467584.0,0.0,0.0,,1,,0
COK51075,COMP,revenue solutions,1,0,1,2024-06-05,2024-06-05,,467500.0,467500.0,,,,0,no original award inside the window - only later changes were captured,0
J01B0600040,DOT/MTA,citilog,1,1,0,2020-09-23,2020-09-23,466882.0,0,466882.0,0.0,0.0,,1,,0
060B9400160,DIT,snap,1,1,0,2019-07-03,2019-07-03,466258.0,0,466258.0,0.0,0.0,,1,,0
S00B8400006,HCD,hancock software,1,1,0,2017-12-06,2017-12-06,466057.0,0,466057.0,0.0,0.0,,1,,0
CTR015069,DIT,applied technology services,1,1,0,2023-10-04,2023-10-04,465838.0,0,465838.0,0.0,0.0,,0,"awarded in 2023, after the 2022 cutoff - not enough time to have been modified",0
BPM040450,MSP,applied technology services,1,1,0,2024-01-03,2024-01-03,462191.0,0,462191.0,0.0,0.0,,0,"awarded in 2024, after the 2022 cutoff - not enough time to have been modified",0
MAP6603187,DOT/MAA,knot technology solutions,1,1,0,2016-05-11,2016-05-11,458951.0,0,458951.0,0.0,0.0,,1,,0
COL02879,MDH,ibm watson health,1,0,1,2025-07-16,2025-07-16,,456015.0,456015.0,,,,0,no original award inside the window - only later changes were captured,0
E00P4600481,COMP,angarai international,1,1,0,2024-05-01,2024-05-01,455716.8,0,455716.8,0.0,0.0,,0,"awarded in 2024, after the 2022 cutoff - not enough time to have been modified",1
E00B1600031,COMP,ibm,1,1,0,2021-03-10,2021-03-10,452416.0,0,452416.0,0.0,0.0,,1,,0
R00B460017,EDUC,alent technologies,1,0,1,2023-09-20,2023-09-20,,452000.0,452000.0,,,,0,no original award inside the window - only later changes were captured,1
CO438795,DOT,rpi consultants,1,0,1,2026-08-19,2026-08-19,,452000.0,452000.0,,,,0,no original award inside the window - only later changes were captured,0
F50P2600041,DIT,ats,1,1,0,2021-10-20,2021-10-20,451956.0,0,451956.0,0.0,0.0,,1,,0
P223008,DOT/MPA,starlight security,1,1,0,2023-06-21,2023-06-21,450000.0,0,450000.0,0.0,0.0,,0,"awarded in 2023, after the 2022 cutoff - not enough time to have been modified",0
COK41233,DOT/MdTA,insight public sector,1,0,1,2024-06-05,2024-06-05,,450000.0,450000.0,,,,0,no original award inside the window - only later changes were captured,0
F50P4600199,DIT,olarion,1,0,1,2024-06-05,2024-06-05,,448845.91,448845.91,,,,0,no original award inside the window - only later changes were captured,0
D52B4600002,MEMA,esi acquisition,2,2,0,2023-09-20,2023-09-20,173365.0,0,448080.0,274715.0,158.46,,0,"awarded in 2023, after the 2022 cutoff - not enough time to have been modified",0
V00P4600149,DJS,dsr,1,1,0,2023-10-25,2023-10-25,442255.0,0,442255.0,0.0,0.0,,0,"awarded in 2023, after the 2022 cutoff - not enough time to have been modified",0
E00B9400017,COMP,ibm,1,1,0,2018-12-19,2018-12-19,441642.0,0,441642.0,0.0,0.0,,1,,0
F50B8400023,DIT,equinix,1,1,0,2018-05-16,2018-05-16,441384.0,0,441384.0,0.0,0.0,,1,,0
E00B1600001,COMP,proquire,1,1,0,2020-09-02,2020-09-02,439448.0,0,439448.0,0.0,0.0,,1,,0
S00B7400001,HCD,agate software,1,1,0,2016-08-17,2016-08-17,438375.0,0,438375.0,0.0,0.0,,1,,0
MOL26006IT,DOT/MTA,gl communications,1,1,0,2026-05-20,2026-05-20,438000.0,0,438000.0,0.0,0.0,,0,"awarded in 2026, after the 2022 cutoff - not enough time to have been modified",0
J01B4600044,DOT/MdTA,sensys networks,1,1,0,2025-11-05,2025-11-05,431850.0,0,431850.0,0.0,0.0,,0,"awarded in 2025, after the 2022 cutoff - not enough time to have been modified",0
COK69714,DOT/MTA,remix technologies,1,0,1,2024-10-30,2024-10-30,,430000.0,430000.0,,,,0,no original award inside the window - only later changes were captured,0
J01P4600034,DOT,applied technology services,1,1,0,2024-12-18,2024-12-18,429928.0,0,429928.0,0.0,0.0,,0,"awarded in 2024, after the 2022 cutoff - not enough time to have been modified",0
J05P8400052,DOT/MTA,s and a systems,1,1,0,2018-03-28,2018-03-28,429654.0,0,429654.0,0.0,0.0,,1,,0
J01B4600001,DOT,dk consulting,1,1,0,2023-06-21,2023-06-21,427980.0,0,427980.0,0.0,0.0,,0,"awarded in 2023, after the 2022 cutoff - not enough time to have been modified",0
F50P5600007,DIT,innosoft,1,0,1,2026-06-18,2026-06-18,,427680.0,427680.0,,,,0,no original award inside the window - only later changes were captured,0
P00B2600040,MDL,literacypro systems,1,1,0,2022-04-27,2022-04-27,426655.0,0,426655.0,0.0,0.0,,1,,0
G20P5600017,RETAGCY,ip datasystems,1,1,0,2024-11-20,2024-11-20,424975.64,0,424975.64,0.0,0.0,,0,"awarded in 2024, after the 2022 cutoff - not enough time to have been modified",0
V00B7400112,DJS,behavioral interventions,1,1,0,2017-05-24,2017-05-24,424626.0,0,424626.0,0.0,0.0,,1,,0
D60P3600018,ARCHIVES,ip data systems,1,1,0,2023-10-25,2023-10-25,424264.9,0,424264.9,0.0,0.0,,0,"awarded in 2023, after the 2022 cutoff - not enough time to have been modified",0
D60P3600017,ARCHIVES,ip data systems,1,1,0,2023-10-25,2023-10-25,424264.9,0,424264.9,0.0,0.0,,0,"awarded in 2023, after the 2022 cutoff - not enough time to have been modified",0
M00B6600227,MDH,symplr software,1,1,0,2025-08-27,2025-08-27,423644.0,0,423644.0,0.0,0.0,,0,"awarded in 2025, after the 2022 cutoff - not enough time to have been modified",0
F50B1600027,DIT,mvs,1,1,0,2021-02-24,2021-02-24,422863.43,0,422863.43,0.0,0.0,,1,,0
J04B3600006,DOT/MVA,ec america d b a immixgroup,1,1,0,2023-03-01,2023-03-01,420680.29,0,420680.29,0.0,0.0,,0,"awarded in 2023, after the 2022 cutoff - not enough time to have been modified",0
F50B0600044,DIT,jg contracting,1,1,0,2020-11-18,2020-11-18,420320.0,0,420320.0,0.0,0.0,,0,"item covers several vendors, so the money is not one contract's",1
RITM0454463,PS,applied technology services,1,1,0,2025-08-27,2025-08-27,417740.0,0,417740.0,0.0,0.0,,0,"awarded in 2025, after the 2022 cutoff - not enough time to have been modified",0
J01B4600011,DOT,enterprise technology solutions,1,1,0,2023-09-06,2023-09-06,415045.0,0,415045.0,0.0,0.0,,0,"awarded in 2023, after the 2022 cutoff - not enough time to have been modified",0
F50P1600082,DIT,presidio,1,1,0,2020-11-18,2020-11-18,412961.0,0,412961.0,0.0,0.0,,1,,0
E00B9400063,COMP,sirius computer solutions,1,1,0,2019-05-08,2019-05-08,411249.0,0,411249.0,0.0,0.0,,1,,0
V00B7400091,DJS,satellite tracking of people assignee of corrisoft,1,0,1,2017-01-25,2017-01-25,,410588.0,410588.0,,,,0,no original award inside the window - only later changes were captured,0
V00B8400073,DJS,satellite tracking of people assignee of corrisoft,1,0,1,2018-01-03,2018-01-03,,410588.0,410588.0,,,,0,no original award inside the window - only later changes were captured,0
W00P3601634,MSP,cas severn,1,1,0,2024-05-15,2024-05-15,409524.15,0,409524.15,0.0,0.0,,0,"awarded in 2024, after the 2022 cutoff - not enough time to have been modified",0
J01P4600012,DOT,dsr,1,1,0,2024-10-16,2024-10-16,409163.0,0,409163.0,0.0,0.0,,0,"awarded in 2024, after the 2022 cutoff - not enough time to have been modified",0
E00P4600009,COMP,applied technology services,1,1,0,2023-07-19,2023-07-19,408918.0,0,408918.0,0.0,0.0,,0,"awarded in 2023, after the 2022 cutoff - not enough time to have been modified",0
COH35911,MPT,blackbaud,1,0,1,2018-03-28,2018-03-28,,408509.0,408509.0,,,,0,no original award inside the window - only later changes were captured,0
E00B9400015,COMP,fairfax imaging,1,1,0,2018-10-31,2018-10-31,408482.0,0,408482.0,0.0,0.0,,1,,0
R62B4600002,MHEC,interclypse,1,0,1,2026-08-19,2026-08-19,,406969.0,406969.0,,,,0,no original award inside the window - only later changes were captured,0
D38B6400015,ELECTLAW,elections systems and software,1,1,0,2016-08-17,2016-08-17,405363.0,0,405363.0,0.0,0.0,,1,,0
COI13049,MDH,ibm watson health formerly truven health analytics,1,0,1,2019-07-24,2019-07-24,,405000.0,405000.0,,,,0,no original award inside the window - only later changes were captured,0
W00P5600676,MSP,infojini,1,1,0,2024-11-20,2024-11-20,403920.0,0,403920.0,0.0,0.0,,0,"awarded in 2024, after the 2022 cutoff - not enough time to have been modified",0
M00P4601745,MDH,carahsoft technology,1,1,0,2024-01-17,2024-01-17,400452.53,0,400452.53,0.0,0.0,,0,"awarded in 2024, after the 2022 cutoff - not enough time to have been modified",0
Q00B2600002,PS,d p associates a division of l3 technologies,1,1,0,2023-09-06,2023-09-06,400300.0,0,400300.0,0.0,0.0,,0,"awarded in 2023, after the 2022 cutoff - not enough time to have been modified",0
001B4600127,DGS,gartner,1,1,0,2024-01-17,2024-01-17,400000.0,0,400000.0,0.0,0.0,,0,"awarded in 2024, after the 2022 cutoff - not enough time to have been modified",0
COK73296,DGS,gartner,1,0,1,2025-01-08,2025-01-08,,400000.0,400000.0,,,,0,no original award inside the window - only later changes were captured,0
M00B0600499,MDH,American Association on Intellectual and Developmental Disabilities (AAIDD),1,1,0,2021-02-10,2021-02-10,399766.0,0,399766.0,0.0,0.0,,0,"item covers several vendors, so the money is not one contract's",1
J05B1600020,DOT/MTA,cubic transportation systems,1,1,0,2021-05-19,2021-05-19,398392.0,0,398392.0,0.0,0.0,,1,,0
COJ51566,DGS,town hall streams,1,0,1,2022-04-27,2022-04-27,,397500.0,397500.0,,,,0,no original award inside the window - only later changes were captured,0
F50P6600259,DIT,tyler technologies,1,1,0,2025-12-03,2025-12-03,396000.0,0,396000.0,0.0,0.0,,0,"awarded in 2025, after the 2022 cutoff - not enough time to have been modified",0
Q00B7400084,PS,morpho trust usa,1,1,0,2017-04-26,2017-04-26,395427.0,0,395427.0,0.0,0.0,,1,,0
J01P4600014,DOT,applied technology services,1,1,0,2024-05-15,2024-05-15,395235.0,0,395235.0,0.0,0.0,,0,"awarded in 2024, after the 2022 cutoff - not enough time to have been modified",0
P00B2600036,MDL,medallia,1,1,0,2022-03-09,2022-03-09,393800.0,0,393800.0,0.0,0.0,,1,,0
P00P3601047,MDL,applied technology services,1,1,0,2023-06-07,2023-06-07,393800.0,0,393800.0,0.0,0.0,,0,"awarded in 2023, after the 2022 cutoff - not enough time to have been modified",0
Q00B6600100,PS,core correctional solutions,1,1,0,2026-05-06,2026-05-06,393322.0,0,393322.0,0.0,0.0,,0,"awarded in 2026, after the 2022 cutoff - not enough time to have been modified",0
M00B5600424,MDH,ascending,1,1,0,2024-12-04,2024-12-04,393055.0,0,393055.0,0.0,0.0,,0,"awarded in 2024, after the 2022 cutoff - not enough time to have been modified",0
E00B8400035,COMP,sas institute,1,1,0,2018-04-04,2018-04-04,392245.0,0,392245.0,0.0,0.0,,1,,0
R00B2600094,EDUC,civic solutions group,1,1,0,2022-08-10,2022-08-10,392000.0,0,392000.0,0.0,0.0,,1,,0
S00B3600032,HCD,emphasys computer solutions,1,1,0,2023-04-19,2023-04-19,385757.0,0,385757.0,0.0,0.0,,0,"awarded in 2023, after the 2022 cutoff - not enough time to have been modified",0
Q00B4400229,PS,3m cogent,1,0,1,2016-06-22,2016-06-22,,385028.0,385028.0,,,,0,no original award inside the window - only later changes were captured,0
COJ09718,DIT,town hall streams,1,0,1,2021-03-24,2021-03-24,,385000.0,385000.0,,,,0,no original award inside the window - only later changes were captured,0
Q00B7400047,PS/IT&CD,cross match technologies,1,1,0,2017-02-08,2017-02-08,384026.0,0,384026.0,0.0,0.0,,1,,0
P222020,DOT/MPA,brown s enterprises d b a brown s communications,1,1,0,2022-12-21,2022-12-21,383897.0,0,383897.0,0.0,0.0,,1,,0
J05B0600018,DOT/MTA,gl,1,1,0,2020-07-22,2020-07-22,382500.0,0,382500.0,0.0,0.0,,1,,0
J01P4600066,DOT,advanced computer concepts,1,1,0,2025-08-27,2025-08-27,382093.4,0,382093.4,0.0,0.0,,0,"awarded in 2025, after the 2022 cutoff - not enough time to have been modified",0
060B8400093,DIT,"-- Seals Society DC, MD, VA Marylanders Growth through (IMAGE) Inc.",1,1,0,2018-12-19,2018-12-19,379622.0,0,379622.0,0.0,0.0,,0,"item covers several vendors, so the money is not one contract's",1
F50P5600374,PS,en net services,1,1,0,2025-03-19,2025-03-19,376832.36,0,376832.36,0.0,0.0,,0,"awarded in 2025, after the 2022 cutoff - not enough time to have been modified",0
COL48860,EDUC,gantech,1,0,1,2026-09-02,2026-09-02,,375552.0,375552.0,,,,0,no original award inside the window - only later changes were captured,1
F50P3600007,DIT,environmental systems research institute,1,1,0,2022-10-26,2022-10-26,375000.0,0,375000.0,0.0,0.0,,1,,0
J05P3600033,DOT/MTA,hcgi hartford,1,1,0,2023-07-05,2023-07-05,374776.0,0,374776.0,0.0,0.0,,0,"awarded in 2023, after the 2022 cutoff - not enough time to have been modified",0
COL31452,DBM,blue collar objects,1,0,1,2026-04-22,2026-04-22,,374400.0,374400.0,,,,0,no original award inside the window - only later changes were captured,0
COK60010,DOT/MTA,unify,1,0,1,2024-10-16,2024-10-16,,373236.0,373236.0,,,,0,no original award inside the window - only later changes were captured,0
Q00P3600385,PS,applied technology services,1,1,0,2023-04-05,2023-04-05,372400.0,0,372400.0,0.0,0.0,,0,"awarded in 2023, after the 2022 cutoff - not enough time to have been modified",0
R00B0600035,EDUC,canvas,2,1,1,2021-03-10,2021-07-28,370020.0,0,370020.0,0.0,0.0,4,1,,0
D80P4600081,MIA,applied technology services,1,1,0,2024-07-03,2024-07-03,369947.0,0,369947.0,0.0,0.0,,0,"awarded in 2024, after the 2022 cutoff - not enough time to have been modified",0
F50P1600212,DIT,presidio networked solutions,1,1,0,2021-02-10,2021-02-10,369375.63,0,369375.63,0.0,0.0,,1,,0
J01P0600162,DOT,dsr,1,1,0,2021-04-07,2021-04-07,369103.0,0,369103.0,0.0,0.0,,1,,0
J00P4600033,DOT/MAA,knot technology solutions,1,1,0,2025-03-19,2025-03-19,363434.0,0,363434.0,0.0,0.0,,0,"awarded in 2025, after the 2022 cutoff - not enough time to have been modified",0
F50B5600010,DIT,momentum,1,1,0,2025-03-19,2025-03-19,361376.0,0,361376.0,0.0,0.0,,0,"awarded in 2025, after the 2022 cutoff - not enough time to have been modified",0
S00B9400009,HCD,agate software,1,1,0,2018-12-19,2018-12-19,360490.0,0,360490.0,0.0,0.0,,1,,0
F50P5600212,DIT,qlarion,1,0,1,2024-12-04,2024-12-04,,360166.7,360166.7,,,,0,no original award inside the window - only later changes were captured,0
COK07899,DOT/MTA,trapeze software group,2,0,2,2023-08-23,2024-10-30,,360084.0,360084.0,,,,0,no original award inside the window - only later changes were captured,0
R00B9400018,EDUC,johns hopkins university center for technology in education,1,1,0,2018-09-05,2018-09-05,360000.0,0,360000.0,0.0,0.0,,1,,0
E00P4600086,COMP,cas severn,1,1,0,2023-10-04,2023-10-04,359955.96,0,359955.96,0.0,0.0,,0,"awarded in 2023, after the 2022 cutoff - not enough time to have been modified",0
J05B0600014,DOT/MTA,trackit,1,1,0,2020-05-06,2020-05-06,359736.0,0,359736.0,0.0,0.0,,1,,0
COH42174,DOHR/CSEA,maximus human services,1,0,1,2017-11-01,2017-11-01,,358275.0,358275.0,,,,0,no original award inside the window - only later changes were captured,0
F50P5600052,DIT,hcgi hartford,1,1,0,2024-10-02,2024-10-02,357305.0,0,357305.0,0.0,0.0,,0,"awarded in 2024, after the 2022 cutoff - not enough time to have been modified",0
COJ50877,DIT,federal engineering,1,0,1,2022-04-27,2022-04-27,,357291.0,357291.0,,,,0,no original award inside the window - only later changes were captured,0
COJ94736,DIT,federal engineering,1,0,1,2023-04-05,2023-04-05,,357291.0,357291.0,,,,0,no original award inside the window - only later changes were captured,0
R15P6400118,MPT,digital video group,1,1,0,2016-01-27,2016-01-27,355718.0,0,355718.0,0.0,0.0,,1,,0
R00B2600112,EDUC,newsela,1,1,0,2023-01-25,2023-01-25,354690.0,0,354690.0,0.0,0.0,,0,"awarded in 2023, after the 2022 cutoff - not enough time to have been modified",0
COI10171,DOT/MTA,conduent transport solutions,1,0,1,2019-05-08,2019-05-08,,351464.0,351464.0,,,,0,no original award inside the window - only later changes were captured,0
Q00B0600786,PS,applied technology services,1,1,0,2020-10-07,2020-10-07,351000.0,0,351000.0,0.0,0.0,,1,,0
W00P4600910,MSP,motorola solutions,1,1,0,2024-01-03,2024-01-03,348634.8,0,348634.8,0.0,0.0,,0,"awarded in 2024, after the 2022 cutoff - not enough time to have been modified",0
COK22054,DIT,jobaps,1,0,1,2023-08-23,2023-08-23,,347300.0,347300.0,,,,0,no original award inside the window - only later changes were captured,0
COJ53270,DBM,blue collar objects,1,0,1,2022-05-11,2022-05-11,,345238.0,345238.0,,,,0,no original award inside the window - only later changes were captured,0
F50B0600039,DIT,momentum,2,2,0,2024-02-14,2024-02-14,91080.0,0,344520.0,253440.0,278.26,,0,"awarded in 2024, after the 2022 cutoff - not enough time to have been modified",1
COH75084,DOT,vecna technologies,1,0,1,2018-09-05,2018-09-05,,343914.0,343914.0,,,,0,no original award inside the window - only later changes were captured,0
J01B6400009,DOT,carbonado technologies formerly vecna technologies,1,0,1,2019-09-04,2019-09-04,,343914.0,343914.0,,,,0,no original award inside the window - only later changes were captured,0
J02P4600015,DOT/SHA,cas severn,1,1,0,2024-01-03,2024-01-03,342517.0,0,342517.0,0.0,0.0,,0,"awarded in 2024, after the 2022 cutoff - not enough time to have been modified",0
F50P4600418,DIT,cas severn,1,1,0,2024-07-03,2024-07-03,342434.33,0,342434.33,0.0,0.0,,0,"awarded in 2024, after the 2022 cutoff - not enough time to have been modified",0
COJ51007,DOT/MVA,leidos,1,0,1,2022-07-27,2022-07-27,,342260.5,342260.5,,,,0,no original award inside the window - only later changes were captured,0
COJ60830,MDH,ibm watson health,1,0,1,2022-07-27,2022-07-27,,341190.0,341190.0,,,,0,no original award inside the window - only later changes were captured,0
COH30644,HMH,oz systems usa,1,0,1,2017-08-16,2017-08-16,,340762.0,340762.0,,,,0,no original award inside the window - only later changes were captured,0
W00P3601401,MSP,applied technology services,1,1,0,2023-06-21,2023-06-21,339904.0,0,339904.0,0.0,0.0,,0,"awarded in 2023, after the 2022 cutoff - not enough time to have been modified",0
J01P8400096,DOT/MdTA,global public safety,1,1,0,2018-03-28,2018-03-28,338640.0,0,338640.0,0.0,0.0,,1,,0
J02P4600012,DOT/SHA,motorola solutions,1,1,0,2024-01-17,2024-01-17,338298.7,0,338298.7,0.0,0.0,,0,"awarded in 2024, after the 2022 cutoff - not enough time to have been modified",0
COG70309,DIT,elicitek,1,0,1,2016-06-22,2016-06-22,,338000.0,338000.0,,,,0,no original award inside the window - only later changes were captured,0
J01P4600032,DOT,shi international,1,1,0,2024-09-11,2024-09-11,336842.07,0,336842.07,0.0,0.0,,0,"awarded in 2024, after the 2022 cutoff - not enough time to have been modified",0
J02B3400061,DOT/SHA,dk consulting,1,0,1,2021-06-02,2021-06-02,,336511.0,336511.0,,,,0,no original award inside the window - only later changes were captured,1
J04B2600021,DOT/MVA,fiserv solutions,1,1,0,2022-08-31,2022-08-31,335733.0,0,335733.0,0.0,0.0,,1,,0
S00B0600048,HCD,emphasys computer solutions,1,1,0,2020-01-08,2020-01-08,335569.0,0,335569.0,0.0,0.0,,1,,0
COH86517,DOHR/CSEA,maximus human services,1,0,1,2018-11-14,2018-11-14,,335299.0,335299.0,,,,0,no original award inside the window - only later changes were captured,0
COJ05555,MDH,ibm watson health formerly truven health analytics,1,0,1,2021-01-27,2021-01-27,,334500.0,334500.0,,,,0,no original award inside the window - only later changes were captured,0
COH59280,MDH,netsmart technologies,1,0,1,2018-06-20,2018-06-20,,334422.0,334422.0,,,,0,no original award inside the window - only later changes were captured,0
J02B1600006,DOT,iteris,1,1,0,2021-09-01,2021-09-01,331500.0,0,331500.0,0.0,0.0,,1,,0
K00B1600001,DNR,johnson mirmiran and thompson,1,1,0,2020-06-17,2020-06-17,329467.0,0,329467.0,0.0,0.0,,1,,0
J05B4600006,DOT/MTA,unify,1,1,0,2024-01-31,2024-01-31,328661.0,0,328661.0,0.0,0.0,,0,"awarded in 2024, after the 2022 cutoff - not enough time to have been modified",0
BPM037385,DBM,shi international,1,1,0,2023-06-21,2023-06-21,327918.0,0,327918.0,0.0,0.0,,0,"awarded in 2023, after the 2022 cutoff - not enough time to have been modified",0
Q00B3600002,PS,alxtel,1,1,0,2023-06-07,2023-06-07,327749.0,0,327749.0,0.0,0.0,,0,"awarded in 2023, after the 2022 cutoff - not enough time to have been modified",0
G20B4600010,RETAGCY,applied technology services,1,1,0,2024-02-14,2024-02-14,327456.0,0,327456.0,0.0,0.0,,0,"awarded in 2024, after the 2022 cutoff - not enough time to have been modified",0
COJ78334,ELECTLAW,koniag services,1,0,1,2023-01-25,2023-01-25,,327023.33,327023.33,,,,0,no original award inside the window - only later changes were captured,0
J02P5600011,DOT/SHA,cas severn,1,1,0,2024-12-18,2024-12-18,326396.0,0,326396.0,0.0,0.0,,0,"awarded in 2024, after the 2022 cutoff - not enough time to have been modified",0
N00B2600350,DOHR,maximus human services,1,0,1,2024-12-18,2024-12-18,,324732.4,324732.4,,,,0,no original award inside the window - only later changes were captured,1
COL22922,DOHR,maximus human services,1,0,1,2025-12-17,2025-12-17,,324732.4,324732.4,,,,0,no original award inside the window - only later changes were captured,0
M00B7400065,HMH,truven health analytics,1,0,1,2016-06-08,2016-06-08,,324000.0,324000.0,,,,0,no original award inside the window - only later changes were captured,0
COH71699,MDH,truven health analytics,1,0,1,2018-08-01,2018-08-01,,324000.0,324000.0,,,,0,no original award inside the window - only later changes were captured,0
Q00P5601148,PS,applied technology services,1,1,0,2024-12-18,2024-12-18,323564.0,0,323564.0,0.0,0.0,,0,"awarded in 2024, after the 2022 cutoff - not enough time to have been modified",0
F50P4600110,DIT,nec of america,1,1,0,2023-10-04,2023-10-04,323088.28,0,323088.28,0.0,0.0,,0,"awarded in 2023, after the 2022 cutoff - not enough time to have been modified",0
N00B4400213,DOHR/CSEA,maximus human services,1,0,1,2016-12-07,2016-12-07,,322146.0,322146.0,,,,0,no original award inside the window - only later changes were captured,0
R00B5600222,EDUC,vedasoft,1,1,0,2026-03-18,2026-03-18,322000.0,0,322000.0,0.0,0.0,,0,"awarded in 2026, after the 2022 cutoff - not enough time to have been modified",0
N00P6600021,DOHR,carahsoft technology,1,1,0,2025-07-02,2025-07-02,321750.6,0,321750.6,0.0,0.0,,0,"awarded in 2025, after the 2022 cutoff - not enough time to have been modified",0
Q00P4603498,PS,motorola solutions,1,1,0,2024-07-03,2024-07-03,320207.75,0,320207.75,0.0,0.0,,0,"awarded in 2024, after the 2022 cutoff - not enough time to have been modified",0
F10B9400034,DIT,business solutions group,1,0,1,2020-06-17,2020-06-17,,319560.0,319560.0,,,,0,no original award inside the window - only later changes were captured,0
COJ16869,DBM,business solutions group,1,0,1,2021-06-16,2021-06-16,,319560.0,319560.0,,,,0,no original award inside the window - only later changes were captured,0
N00P4601356,DOHR,carahsoft technology,1,1,0,2023-11-29,2023-11-29,317631.0,0,317631.0,0.0,0.0,,0,"awarded in 2023, after the 2022 cutoff - not enough time to have been modified",0
F10B4600022,DBM/OPSB,cornerstone ondemand,1,1,0,2024-04-03,2024-04-03,317616.0,0,317616.0,0.0,0.0,,0,"awarded in 2024, after the 2022 cutoff - not enough time to have been modified",0
J02P3600095,DOT/SHA,skyline technology solutions,1,1,0,2023-08-02,2023-08-02,316988.41,0,316988.41,0.0,0.0,,0,"awarded in 2023, after the 2022 cutoff - not enough time to have been modified",0
COL23754,HCD,emphasys computer solutions,1,0,1,2026-01-28,2026-01-28,,315326.0,315326.0,,,,0,no original award inside the window - only later changes were captured,0
F50P4600056,DIT,tyler technologies,1,1,0,2023-10-04,2023-10-04,315000.0,0,315000.0,0.0,0.0,,0,"awarded in 2023, after the 2022 cutoff - not enough time to have been modified",0
BPM037680,DIT,cas severn,1,1,0,2023-09-06,2023-09-06,314999.0,0,314999.0,0.0,0.0,,0,"awarded in 2023, after the 2022 cutoff - not enough time to have been modified",0
CTR020404,DOT,dsr,1,1,0,2024-12-04,2024-12-04,313600.0,0,313600.0,0.0,0.0,,0,"awarded in 2024, after the 2022 cutoff - not enough time to have been modified",0
J01B3400036,DOT,dk consulting,1,1,0,2020-12-02,2020-12-02,312240.0,0,312240.0,0.0,0.0,,1,,0
F50B1600021,DIT,blue collar objects,1,1,0,2020-12-16,2020-12-16,311980.0,0,311980.0,0.0,0.0,,1,,0
P00B4600061,MDL,alxtel,1,1,0,2024-03-13,2024-03-13,311549.0,0,311549.0,0.0,0.0,,0,"awarded in 2024, after the 2022 cutoff - not enough time to have been modified",0
COI32110,DIT,metrc,1,0,1,2019-08-14,2019-08-14,,310000.0,310000.0,,,,0,no original award inside the window - only later changes were captured,0
001B0600473,DGS,metrc novation from franwell,1,0,1,2020-07-22,2020-07-22,,310000.0,310000.0,,,,0,no original award inside the window - only later changes were captured,0
N00P5601332,DOHR,carahsoft technology,1,1,0,2024-10-30,2024-10-30,309835.69,0,309835.69,0.0,0.0,,0,"awarded in 2024, after the 2022 cutoff - not enough time to have been modified",0
F50B7400001,DIT,tekskills,1,1,0,2016-06-22,2016-06-22,309120.0,0,309120.0,0.0,0.0,,1,,0
N00P4601783,DOHR,shi international,1,1,0,2024-01-17,2024-01-17,306442.0,0,306442.0,0.0,0.0,,0,"awarded in 2024, after the 2022 cutoff - not enough time to have been modified",0
COL27974,PS,cas severn,1,0,1,2026-03-18,2026-03-18,,305650.8,305650.8,,,,0,no original award inside the window - only later changes were captured,1
J01B8400013,DOT/MdTA,processmap,1,1,0,2018-12-19,2018-12-19,305456.0,0,305456.0,0.0,0.0,,1,,0
CO432463,DOT,shi international,1,0,1,2025-12-17,2025-12-17,,305231.0,305231.0,,,,0,no original award inside the window - only later changes were captured,0
J01P2600113,DOT,advanced computer concepts,1,1,0,2023-10-25,2023-10-25,305194.97,0,305194.97,0.0,0.0,,0,"awarded in 2023, after the 2022 cutoff - not enough time to have been modified",0
E00B8400026,COMP,ibm,1,0,1,2017-11-01,2017-11-01,,304549.0,304549.0,,,,0,no original award inside the window - only later changes were captured,0
J04B2600007,DOT/MVA,ihs markit dba r l polk and,1,1,0,2022-08-31,2022-08-31,302910.0,0,302910.0,0.0,0.0,,1,,0
J05P2600043,DOT/MTA,dsr,1,1,0,2022-09-14,2022-09-14,302670.0,0,302670.0,0.0,0.0,,1,,0
E50B3600020,DAAT,marshall and swift boeckh,1,1,0,2024-01-03,2024-01-03,301899.0,0,301899.0,0.0,0.0,,0,"awarded in 2024, after the 2022 cutoff - not enough time to have been modified",0
D52B460001,MEMA,k2share,1,1,0,2023-09-20,2023-09-20,300830.0,0,300830.0,0.0,0.0,,0,"awarded in 2023, after the 2022 cutoff - not enough time to have been modified",0
S00B7400009,HCD,emphasys software,1,1,0,2016-10-19,2016-10-19,300000.0,0,300000.0,0.0,0.0,,1,,0
F50P2600133,DIT,environmental systems research institute,1,1,0,2021-10-20,2021-10-20,300000.0,0,300000.0,0.0,0.0,,1,,0
COH38512,HCD,emphasys software,1,0,1,2017-09-20,2017-09-20,,300000.0,300000.0,,,,0,no original award inside the window - only later changes were captured,0
COH80279,HCD,emphasys software,1,0,1,2018-08-22,2018-08-22,,300000.0,300000.0,,,,0,no original award inside the window - only later changes were captured,0
COH80401,PS/IT&CD,bi,1,0,1,2018-09-05,2018-09-05,,300000.0,300000.0,,,,0,no original award inside the window - only later changes were captured,0
COH88696,DOT/MdTA,coban technologies,1,0,1,2018-12-19,2018-12-19,,300000.0,300000.0,,,,0,no original award inside the window - only later changes were captured,0
COI38896,DIT,coban technologies,1,0,1,2020-01-08,2020-01-08,,300000.0,300000.0,,,,0,no original award inside the window - only later changes were captured,0
COJ22734,DIT,".. Communications, Inc. Teltex, Inc.",1,0,1,2021-07-28,2021-07-28,,300000.0,300000.0,,,,0,no original award inside the window - only later changes were captured,1
D40B1600001,OFCPLAN,spillman consulting,1,1,0,2021-04-07,2021-04-07,299875.0,0,299875.0,0.0,0.0,,1,,0
J00P3600017,DOT/MAA,early morning software,1,1,0,2024-01-17,2024-01-17,299840.0,0,299840.0,0.0,0.0,,0,"awarded in 2024, after the 2022 cutoff - not enough time to have been modified",1
R00B1600021,EDUC,deloitte consulting,2,1,1,2024-11-20,2025-01-29,0.0,299422.7,299422.7,,,-2,0,original award has no dollar figure,1
F50P1600145,DIT,dell approved,1,1,0,2020-10-07,2020-10-07,299408.0,0,299408.0,0.0,0.0,,1,,0
CTR018152,MSP,applied technology services,1,1,0,2024-07-03,2024-07-03,298940.0,0,298940.0,0.0,0.0,,0,"awarded in 2024, after the 2022 cutoff - not enough time to have been modified",0
F50P4600403,DIT,applied technology services,1,1,0,2024-05-15,2024-05-15,295869.0,0,295869.0,0.0,0.0,,0,"awarded in 2024, after the 2022 cutoff - not enough time to have been modified",0
M00B8400589,MDH,collaborative fusion,1,1,0,2018-05-16,2018-05-16,295627.0,0,295627.0,0.0,0.0,,1,,0
E00P5600234,COMP,applied technology services,1,1,0,2024-11-20,2024-11-20,295339.0,0,295339.0,0.0,0.0,,0,"awarded in 2024, after the 2022 cutoff - not enough time to have been modified",0
D38B1600017,ELECTLAW,digital lantern,1,1,0,2022-04-27,2022-04-27,292046.0,0,292046.0,0.0,0.0,,1,,0
COL35157,DIT,carahsoft technology,1,0,1,2026-06-03,2026-06-03,,291568.0,291568.0,,,,0,no original award inside the window - only later changes were captured,0
E00B7400021,COMP,ibm,1,0,1,2016-11-16,2016-11-16,,290048.0,290048.0,,,,0,no original award inside the window - only later changes were captured,0
060B8400016,DIT,itslearning,1,1,0,2018-08-01,2018-08-01,290000.0,0,290000.0,0.0,0.0,,1,,0
K00B1600002,DNR,streams,1,1,0,2020-06-17,2020-06-17,289467.0,0,289467.0,0.0,0.0,,1,,0
BWI22006IT,DOT/MAA,knot technology solutions,1,1,0,2022-03-09,2022-03-09,289169.0,0,289169.0,0.0,0.0,,1,,0
Q00B8400042,PS,morpho trust usa,1,1,0,2017-11-15,2017-11-15,287830.0,0,287830.0,0.0,0.0,,1,,0
E00B3600035,COMP,shi international,1,1,0,2023-09-06,2023-09-06,285265.0,0,285265.0,0.0,0.0,,0,"awarded in 2023, after the 2022 cutoff - not enough time to have been modified",0
CTR019071,DGS,business solutions group,1,1,0,2024-09-11,2024-09-11,285222.0,0,285222.0,0.0,0.0,,0,"awarded in 2024, after the 2022 cutoff - not enough time to have been modified",0
W00P9401671,MSP,cdwg,1,1,0,2019-07-03,2019-07-03,284958.0,0,284958.0,0.0,0.0,,1,,0
Q00B8400041,PS/IT&CD,watch systems,1,1,0,2018-07-19,2018-07-19,282500.0,0,282500.0,0.0,0.0,,1,,0
S00B5600081,HCD,mri software,1,1,0,2025-08-06,2025-08-06,281308.0,0,281308.0,0.0,0.0,,0,"awarded in 2025, after the 2022 cutoff - not enough time to have been modified",0
D80B3600020,MIA,advanced computer concepts,1,1,0,2023-09-20,2023-09-20,281073.46,0,281073.46,0.0,0.0,,0,"awarded in 2023, after the 2022 cutoff - not enough time to have been modified",0
P00B3600029,MDL,medallia,1,0,1,2023-02-15,2023-02-15,,280700.0,280700.0,,,,0,no original award inside the window - only later changes were captured,0
Q00B0600094,PS,computer projects of illinois,1,1,0,2020-02-19,2020-02-19,277288.0,0,277288.0,0.0,0.0,,1,,0
J04B1600047,DOT/MVA,nec of america,1,0,1,2025-03-19,2025-03-19,,277150.13,277150.13,,,,0,no original award inside the window - only later changes were captured,0
E00B9400021,COMP,pkware,1,1,0,2019-01-02,2019-01-02,276597.0,0,276597.0,0.0,0.0,,1,,0
H00P6600568,DIT,edwards performance solutions,1,0,1,2025-09-10,2025-09-10,,275992.2,275992.2,,,,0,no original award inside the window - only later changes were captured,1
D38B7400006,ELECTLAW,clear ballot group,1,1,0,2016-10-19,2016-10-19,275000.0,0,275000.0,0.0,0.0,,1,,0
Q00B8400027,PS/IT&CD,computer projects of illinois,1,1,0,2018-01-24,2018-01-24,274373.0,0,274373.0,0.0,0.0,,1,,0
Q00P6600971,PS,orijin pbc,1,1,0,2026-01-07,2026-01-07,272944.0,0,272944.0,0.0,0.0,,0,"awarded in 2026, after the 2022 cutoff - not enough time to have been modified",0
R00B5600175,EDUC,innosoft,1,1,0,2025-12-17,2025-12-17,272833.0,0,272833.0,0.0,0.0,,0,"awarded in 2025, after the 2022 cutoff - not enough time to have been modified",0
F50P4600079,DIT,edwards industries,1,0,1,2024-09-11,2024-09-11,,271953.0,271953.0,,,,0,no original award inside the window - only later changes were captured,1
T00B4600006,COMM,tecbomo,1,1,0,2023-11-08,2023-11-08,271572.0,0,271572.0,0.0,0.0,,0,"awarded in 2023, after the 2022 cutoff - not enough time to have been modified",0
Q00B4600025,PS,applied technology services,1,1,0,2024-05-15,2024-05-15,269315.0,0,269315.0,0.0,0.0,,0,"awarded in 2024, after the 2022 cutoff - not enough time to have been modified",0
D38B7400017,ELECTLAW,elections systems and software,1,1,0,2017-05-10,2017-05-10,268510.0,0,268510.0,0.0,0.0,,1,,0
J01B3600002,DOT,alxtel,1,1,0,2022-06-22,2022-06-22,267460.0,0,267460.0,0.0,0.0,,1,,0
J00B6400015,DOT/MVA,r l polk and,1,1,0,2016-05-11,2016-05-11,267050.0,0,267050.0,0.0,0.0,,1,,0
R00B3600124,EDUC,ixl learning,1,1,0,2023-07-05,2023-07-05,265907.0,0,265907.0,0.0,0.0,,0,"awarded in 2023, after the 2022 cutoff - not enough time to have been modified",0
E00B9400013,COMP,mathtech,1,0,1,2018-09-05,2018-09-05,,264360.0,264360.0,,,,0,no original award inside the window - only later changes were captured,0
W00P4601773,MSP,ennet services,1,1,0,2024-06-05,2024-06-05,263462.25,0,263462.25,0.0,0.0,,0,"awarded in 2024, after the 2022 cutoff - not enough time to have been modified",0
N00P5601963,DOHR,oakland consulting group,1,1,0,2025-03-19,2025-03-19,263453.79,0,263453.79,0.0,0.0,,0,"awarded in 2025, after the 2022 cutoff - not enough time to have been modified",0
J00P4600018,DOT/MAA,en net services,1,1,0,2024-12-18,2024-12-18,263238.28,0,263238.28,0.0,0.0,,0,"awarded in 2024, after the 2022 cutoff - not enough time to have been modified",0
N00B6600139,DOHR/OTHS,applied technology services,1,1,0,2025-12-17,2025-12-17,262000.0,0,262000.0,0.0,0.0,,0,"awarded in 2025, after the 2022 cutoff - not enough time to have been modified",0
COK46623,DJS,national council on crime and delinquency,1,0,1,2024-06-05,2024-06-05,,261460.0,261460.0,,,,0,no original award inside the window - only later changes were captured,0
Q00B7400073,PS,computer projects of illinois,1,1,0,2017-01-04,2017-01-04,261307.0,0,261307.0,0.0,0.0,,1,,0
P00B1600011,MDL,n 3 technologies,1,1,0,2020-09-02,2020-09-02,261000.0,0,261000.0,0.0,0.0,,1,,0
F50P4600334,DIT,en net services,1,1,0,2024-05-15,2024-05-15,260802.59,0,260802.59,0.0,0.0,,0,"awarded in 2024, after the 2022 cutoff - not enough time to have been modified",0
H00P0600964,DGS,periscope,1,1,0,2020-01-08,2020-01-08,260375.0,0,260375.0,0.0,0.0,,1,,0
COK27787,MDH,st paul group,1,0,1,2024-04-03,2024-04-03,,258500.0,258500.0,,,,0,no original award inside the window - only later changes were captured,0
W00B1600058,MSP,nichevision forensics,1,1,0,2021-05-05,2021-05-05,257800.0,0,257800.0,0.0,0.0,,1,,0
Q00P8403429,PS,data management,1,0,1,2018-02-07,2018-02-07,,257500.0,257500.0,,,,0,no original award inside the window - only later changes were captured,0
P00P5601217,MDL,creative information,1,1,0,2025-05-07,2025-05-07,254000.0,0,254000.0,0.0,0.0,,0,"awarded in 2025, after the 2022 cutoff - not enough time to have been modified",0
E00P6600245,COMP,cas severn,1,1,0,2025-11-19,2025-11-19,253989.0,0,253989.0,0.0,0.0,,0,"awarded in 2025, after the 2022 cutoff - not enough time to have been modified",0
R00B4600185,EDUC,oakland consulting group,1,1,0,2024-07-03,2024-07-03,253444.0,0,253444.0,0.0,0.0,,0,"awarded in 2024, after the 2022 cutoff - not enough time to have been modified",0
Q00P4601670,SUP,applied technology services,1,1,0,2025-01-29,2025-01-29,252241.79,0,252241.79,0.0,0.0,,0,"awarded in 2025, after the 2022 cutoff - not enough time to have been modified",1
W00P5600808,MSP,oakland consulting group,1,1,0,2024-11-20,2024-11-20,252066.97,0,252066.97,0.0,0.0,,0,"awarded in 2024, after the 2022 cutoff - not enough time to have been modified",0
BPM038207,MSP,usc canterbury,1,1,0,2023-08-02,2023-08-02,250425.0,0,250425.0,0.0,0.0,,0,"awarded in 2023, after the 2022 cutoff - not enough time to have been modified",0
R00R0600952,EDUC,applied technology services,1,1,0,2021-06-02,2021-06-02,250000.0,0,250000.0,0.0,0.0,,1,,0
F50B4600004,DIT,shi international,1,1,0,2023-11-08,2023-11-08,249977.0,0,249977.0,0.0,0.0,,0,"awarded in 2023, after the 2022 cutoff - not enough time to have been modified",0
J05P3600038,DOT/MTA,applied technology services,1,1,0,2023-07-05,2023-07-05,249730.0,0,249730.0,0.0,0.0,,0,"awarded in 2023, after the 2022 cutoff - not enough time to have been modified",0
D23P6600014,MCA,icube systems,1,0,1,2025-11-05,2025-11-05,,249600.0,249600.0,,,,0,no original award inside the window - only later changes were captured,0
M00P5603411,MDH,citi,1,0,1,2025-04-23,2025-04-23,,248920.0,248920.0,,,,0,no original award inside the window - only later changes were captured,0
COK00126,OFADHEAR,evans caseload,1,0,1,2023-05-03,2023-05-03,,248848.0,248848.0,,,,0,no original award inside the window - only later changes were captured,0
F50P5600057,DIT,tyler technologies,1,1,0,2024-09-11,2024-09-11,248063.0,0,248063.0,0.0,0.0,,0,"awarded in 2024, after the 2022 cutoff - not enough time to have been modified",0
J05B3600001,DOT/MTA,penta,1,1,0,2022-10-26,2022-10-26,247132.0,0,247132.0,0.0,0.0,,1,,0
COK02069,DJS,national council on crime and delinquency,1,0,1,2023-06-21,2023-06-21,,246660.0,246660.0,,,,0,no original award inside the window - only later changes were captured,0
J00P3600002,DOT/MAA,electronic data solutions,1,1,0,2023-07-19,2023-07-19,245996.92,0,245996.92,0.0,0.0,,0,"awarded in 2023, after the 2022 cutoff - not enough time to have been modified",0
COL25978,MDH,iconnect consulting,1,0,1,2026-02-18,2026-02-18,,245000.0,245000.0,,,,0,no original award inside the window - only later changes were captured,0
P219005,DOT/MPA,northern defense industries,1,1,0,2018-12-19,2018-12-19,244095.0,0,244095.0,0.0,0.0,,1,,0
N00P3602657,DOHR,oakland consulting group,1,1,0,2023-05-03,2023-05-03,242042.0,0,242042.0,0.0,0.0,,0,"awarded in 2023, after the 2022 cutoff - not enough time to have been modified",0
N00P5600039,DOHR,shi international,1,1,0,2024-07-17,2024-07-17,241703.0,0,241703.0,0.0,0.0,,0,"awarded in 2024, after the 2022 cutoff - not enough time to have been modified",1
N00P6600016,DOHR,advanced computer concepts,1,1,0,2025-07-02,2025-07-02,240531.52,0,240531.52,0.0,0.0,,0,"awarded in 2025, after the 2022 cutoff - not enough time to have been modified",0
COJ56993,DBM,forsys,1,0,1,2022-06-08,2022-06-08,,240000.0,240000.0,,,,0,no original award inside the window - only later changes were captured,0
E00B8400006,COMP,fairfax imaging,1,0,1,2017-07-26,2017-07-26,,238569.0,238569.0,,,,0,no original award inside the window - only later changes were captured,0
E00B9400007,COMP,fairfax imaging,1,0,1,2018-10-03,2018-10-03,,238569.0,238569.0,,,,0,no original award inside the window - only later changes were captured,0
E00B1600010,COMP,fairfax imaging,1,0,1,2020-09-23,2020-09-23,,238569.0,238569.0,,,,0,no original award inside the window - only later changes were captured,0
N00B4600384,DOHR,applied technology services,1,1,0,2024-06-05,2024-06-05,238220.0,0,238220.0,0.0,0.0,,0,"awarded in 2024, after the 2022 cutoff - not enough time to have been modified",0
R00B5600123,EDUC,watsonrice,1,1,0,2026-02-18,2026-02-18,238180.8,0,238180.8,0.0,0.0,,0,"awarded in 2026, after the 2022 cutoff - not enough time to have been modified",1
F50B4600026,DIT,ecg,1,1,0,2024-04-03,2024-04-03,238020.0,0,238020.0,0.0,0.0,,0,"awarded in 2024, after the 2022 cutoff - not enough time to have been modified",0
J01B5600025,DOT,cornerstone ondemand,1,1,0,2025-01-29,2025-01-29,237645.0,0,237645.0,0.0,0.0,,0,"awarded in 2025, after the 2022 cutoff - not enough time to have been modified",0
COJ85778,MDH,kzn consulting,1,0,1,2023-01-25,2023-01-25,,237268.0,237268.0,,,,0,no original award inside the window - only later changes were captured,0
J02P9400028,DOT/SHA,streetlight data,1,1,0,2019-09-04,2019-09-04,236137.0,0,236137.0,0.0,0.0,,1,,0
R00B7400002,EDUC,alverest,1,1,0,2016-06-22,2016-06-22,236000.0,0,236000.0,0.0,0.0,,1,,0
R00B8400013,EDUC,alverest,1,0,1,2017-08-16,2017-08-16,,236000.0,236000.0,,,,0,no original award inside the window - only later changes were captured,0
R00B4600190,EDUC,bell techlogix,1,1,0,2024-08-28,2024-08-28,234852.0,0,234852.0,0.0,0.0,,0,"awarded in 2024, after the 2022 cutoff - not enough time to have been modified",0
COK50249,MDH,hmetrix,1,0,1,2024-07-17,2024-07-17,,234506.0,234506.0,,,,0,no original award inside the window - only later changes were captured,0
J01P4600031,DOT,cas severn,1,1,0,2025-11-05,2025-11-05,233470.0,0,233470.0,0.0,0.0,,0,"awarded in 2025, after the 2022 cutoff - not enough time to have been modified",1
COK70800,PS,idemia identity and security usa,1,0,1,2024-10-30,2024-10-30,,232922.0,232922.0,,,,0,no original award inside the window - only later changes were captured,0
J02P5600025,DOT/SHA,communications electronics cei,1,1,0,2025-03-19,2025-03-19,232180.0,0,232180.0,0.0,0.0,,0,"awarded in 2025, after the 2022 cutoff - not enough time to have been modified",0
J04B4600004,DOT/MVA,cas severn,1,1,0,2023-11-08,2023-11-08,232127.4,0,232127.4,0.0,0.0,,0,"awarded in 2023, after the 2022 cutoff - not enough time to have been modified",0
Q00B0600023,PS,ca d b a ca technologies,1,1,0,2019-09-18,2019-09-18,231600.0,0,231600.0,0.0,0.0,,1,,0
V00P4600106,DJS,galaxy consulting,1,1,0,2023-11-08,2023-11-08,229912.97,0,229912.97,0.0,0.0,,0,"awarded in 2023, after the 2022 cutoff - not enough time to have been modified",0
L00P5600133,DOIT,creative information,1,1,0,2024-12-04,2024-12-04,229824.0,0,229824.0,0.0,0.0,,0,"awarded in 2024, after the 2022 cutoff - not enough time to have been modified",0
COK36197,EDUC,instructure,1,0,1,2024-03-13,2024-03-13,,229400.0,229400.0,,,,0,no original award inside the window - only later changes were captured,0
COI39934,DNR,camis usa,1,0,1,2020-03-18,2020-03-18,,229250.0,229250.0,,,,0,no original award inside the window - only later changes were captured,0
E00B7600002,COMP,navitas business consulting,1,1,0,2026-06-18,2026-06-18,227634.0,0,227634.0,0.0,0.0,,0,"awarded in 2026, after the 2022 cutoff - not enough time to have been modified",0
J04B2600008,DOT/MVA,wausau financial systems,1,1,0,2022-08-31,2022-08-31,226355.0,0,226355.0,0.0,0.0,,1,,0
E00P3600368,COMP,ibm,1,1,0,2023-06-21,2023-06-21,226207.0,0,226207.0,0.0,0.0,,0,"awarded in 2023, after the 2022 cutoff - not enough time to have been modified",0
E00B4600041,COMP,ibm,1,1,0,2024-07-03,2024-07-03,226207.0,0,226207.0,0.0,0.0,,0,"awarded in 2024, after the 2022 cutoff - not enough time to have been modified",0
E00B6600023,COMP,ibm,1,1,0,2026-05-20,2026-05-20,226207.0,0,226207.0,0.0,0.0,,0,"awarded in 2026, after the 2022 cutoff - not enough time to have been modified",0
COJ31721,DENV,international software systems,1,0,1,2021-10-20,2021-10-20,,223564.32,223564.32,,,,0,no original award inside the window - only later changes were captured,1
COG71070,HMH,netsmart technologies,1,0,1,2016-06-08,2016-06-08,,222948.0,222948.0,,,,0,no original award inside the window - only later changes were captured,0
C00B6400038,HMH,netsmart technologies,1,0,1,2017-06-21,2017-06-21,,222948.0,222948.0,,,,0,no original award inside the window - only later changes were captured,0
J02P3600014,DOT/SHA,eplus technology,1,1,0,2023-06-07,2023-06-07,222940.0,0,222940.0,0.0,0.0,,0,"awarded in 2023, after the 2022 cutoff - not enough time to have been modified",0
J01B9400002,DOT,cision us,1,1,0,2018-07-19,2018-07-19,220764.0,0,220764.0,0.0,0.0,,1,,0
COG92581,COMP,pitney bowes software,1,0,1,2016-10-05,2016-10-05,,220298.0,220298.0,,,,0,no original award inside the window - only later changes were captured,0
R00B4600005,EDUC,bell techlogix,1,1,0,2024-04-03,2024-04-03,220208.0,0,220208.0,0.0,0.0,,0,"awarded in 2024, after the 2022 cutoff - not enough time to have been modified",0
J01P2600101,DOT,advanced computer concepts,1,1,0,2023-08-23,2023-08-23,220148.64,0,220148.64,0.0,0.0,,0,"awarded in 2023, after the 2022 cutoff - not enough time to have been modified",0
COJ567813,DBM,forsys,1,0,1,2022-06-08,2022-06-08,,220000.0,220000.0,,,,0,no original award inside the window - only later changes were captured,0
N00P4600235,DOHR,carahsoft technology,1,1,0,2023-09-06,2023-09-06,219735.0,0,219735.0,0.0,0.0,,0,"awarded in 2023, after the 2022 cutoff - not enough time to have been modified",0
D38B7400005,ELECTLAW,pcc technology group,1,0,1,2016-10-19,2016-10-19,,219600.0,219600.0,,,,0,no original award inside the window - only later changes were captured,0
D38B8400002,ELECTLAW,pcc technology,1,0,1,2017-09-20,2017-09-20,,219600.0,219600.0,,,,0,no original award inside the window - only later changes were captured,0
E75P4600044,LOTT,hcgi,1,1,0,2024-06-05,2024-06-05,219552.0,0,219552.0,0.0,0.0,,0,"awarded in 2024, after the 2022 cutoff - not enough time to have been modified",0
COJ15406,MDH,oz systems usa,1,0,1,2021-06-02,2021-06-02,,218770.0,218770.0,,,,0,no original award inside the window - only later changes were captured,0
COL27579,MDH,edge systems,1,0,1,2026-02-18,2026-02-18,,218077.0,218077.0,,,,0,no original award inside the window - only later changes were captured,0
Q00P2603182,PS,en net services,1,1,0,2022-09-14,2022-09-14,217542.01,0,217542.01,0.0,0.0,,0,"item covers several vendors, so the money is not one contract's",1
F10B5600008,DBM,snap,1,1,0,2024-12-18,2024-12-18,216731.0,0,216731.0,0.0,0.0,,0,"awarded in 2024, after the 2022 cutoff - not enough time to have been modified",0
J01B3600004,DOT/MTA,west publishing,1,1,0,2022-08-31,2022-08-31,216266.0,0,216266.0,0.0,0.0,,1,,0
COJ56784,DBM,powersolv,1,0,1,2022-06-08,2022-06-08,,216000.0,216000.0,,,,0,no original award inside the window - only later changes were captured,0
E00B5600002,COMP,fairfax imaging,1,1,0,2024-10-02,2024-10-02,215933.0,0,215933.0,0.0,0.0,,0,"awarded in 2024, after the 2022 cutoff - not enough time to have been modified",0
N00P6600028,DOHR/OTHS,carahsoft technology,1,0,1,2025-08-27,2025-08-27,,215502.0,215502.0,,,,0,no original award inside the window - only later changes were captured,0
R62B6400001,MHEC,gold bridge partners,1,1,0,2017-07-05,2017-07-05,214550.0,0,214550.0,0.0,0.0,,1,,0
D38B5600009,ELECTLAW,votingworks,1,1,0,2025-09-10,2025-09-10,214335.0,0,214335.0,0.0,0.0,,0,"awarded in 2025, after the 2022 cutoff - not enough time to have been modified",0
LR-18-005-RT,DOT/MTA,xenatech software integration services,1,1,0,2026-06-18,2026-06-18,213895.0,0,213895.0,0.0,0.0,,0,"awarded in 2026, after the 2022 cutoff - not enough time to have been modified",0
W00P4600519,MSP,occasion of a lifetime,1,1,0,2024-01-03,2024-01-03,212986.0,0,212986.0,0.0,0.0,,0,"awarded in 2024, after the 2022 cutoff - not enough time to have been modified",0
J05P3600046,DOT/MTA,applied technology services,1,1,0,2023-09-20,2023-09-20,211640.0,0,211640.0,0.0,0.0,,0,"awarded in 2023, after the 2022 cutoff - not enough time to have been modified",0
R11B9400001,MSL,keystone systems,1,1,0,2018-12-19,2018-12-19,210705.0,0,210705.0,0.0,0.0,,1,,0
M00B0600219,DIT,advance metrics,1,1,0,2019-12-04,2019-12-04,210000.0,0,210000.0,0.0,0.0,,1,,0
COK82954,HCD,nortridge software,1,0,1,2025-04-02,2025-04-02,,210000.0,210000.0,,,,0,no original award inside the window - only later changes were captured,0
Q00P5600585,PS,applied technology services,1,1,0,2024-10-02,2024-10-02,208542.0,0,208542.0,0.0,0.0,,0,"awarded in 2024, after the 2022 cutoff - not enough time to have been modified",0
060B6400016,DIT,environmental systems research institute,1,0,1,2016-03-09,2016-03-09,,208063.0,208063.0,,,,0,no original award inside the window - only later changes were captured,0
R00B6400080,EDUC,prosys information systems,1,1,0,2016-03-09,2016-03-09,207486.0,0,207486.0,0.0,0.0,,1,,0
COJ57409,DNR,terra technology group ttg,1,0,1,2022-06-22,2022-06-22,,207433.0,207433.0,,,,0,no original award inside the window - only later changes were captured,0
N00P5601627,DOHR,en net services,1,1,0,2024-12-18,2024-12-18,206251.36,0,206251.36,0.0,0.0,,0,"awarded in 2024, after the 2022 cutoff - not enough time to have been modified",0
R62P4600009,MHEC,ost,1,0,1,2024-07-03,2024-07-03,,204393.6,204393.6,,,,0,no original award inside the window - only later changes were captured,0
J05P3600032,DOT/MTA,advanced computer concepts,1,1,0,2023-05-03,2023-05-03,204012.12,0,204012.12,0.0,0.0,,0,"awarded in 2023, after the 2022 cutoff - not enough time to have been modified",0
S00B6600010,HCD,carahsoft technology,1,1,0,2025-10-01,2025-10-01,203809.0,0,203809.0,0.0,0.0,,0,"awarded in 2025, after the 2022 cutoff - not enough time to have been modified",0
COG59097,DIT,security mentor,1,0,1,2016-02-24,2016-02-24,,202548.0,202548.0,,,,0,no original award inside the window - only later changes were captured,0
RITM0292428,DOT,applied technology services,1,1,0,2024-01-17,2024-01-17,201732.0,0,201732.0,0.0,0.0,,0,"awarded in 2024, after the 2022 cutoff - not enough time to have been modified",0
E00B4600001,COMP,fairfax imaging,1,1,0,2023-10-25,2023-10-25,201254.0,0,201254.0,0.0,0.0,,0,"awarded in 2023, after the 2022 cutoff - not enough time to have been modified",0
Q00B6400070,PS/IT&CD,gemalto cogent,1,0,1,2018-06-20,2018-06-20,,201219.0,201219.0,,,,0,no original award inside the window - only later changes were captured,0
F50B5400007,MDH,tierpointmaryland,1,0,1,2025-08-27,2025-08-27,,201159.0,201159.0,,,,0,no original award inside the window - only later changes were captured,0
COL24666,MDH,tierpoint maryland,1,0,1,2026-04-01,2026-04-01,,201159.0,201159.0,,,,0,no original award inside the window - only later changes were captured,0
J01P4600043,DOT,applied technology services,1,1,0,2024-12-18,2024-12-18,200756.0,0,200756.0,0.0,0.0,,0,"awarded in 2024, after the 2022 cutoff - not enough time to have been modified",0
J05B1600016,DOT/MTA,ms technologies,1,1,0,2021-07-07,2021-07-07,198742.0,0,198742.0,0.0,0.0,,1,,0
R00B8400014,EDUC,apex learning,1,1,0,2018-07-19,2018-07-19,198100.0,0,198100.0,0.0,0.0,,1,,0
COK32267,DSCI,buildwithin,1,0,1,2024-01-31,2024-01-31,,197600.0,197600.0,,,,0,no original award inside the window - only later changes were captured,0
COH88926,EDUC,blackboard,1,0,1,2018-12-19,2018-12-19,,197000.0,197000.0,,,,0,no original award inside the window - only later changes were captured,0
J01B5600028,DOT,mitratech,1,1,0,2025-01-29,2025-01-29,196372.0,0,196372.0,0.0,0.0,,0,"awarded in 2025, after the 2022 cutoff - not enough time to have been modified",0
S00B3600010,HCD,nortridge software,1,1,0,2023-01-04,2023-01-04,195400.0,0,195400.0,0.0,0.0,,0,"awarded in 2023, after the 2022 cutoff - not enough time to have been modified",0
D40B1600002,VARIOUS,blackbaud,1,1,0,2021-06-02,2021-06-02,194995.0,0,194995.0,0.0,0.0,,1,,0
J01B2600021,DOT,infor us,1,1,0,2022-04-06,2022-04-06,194512.0,0,194512.0,0.0,0.0,,1,,0
F50P4600229,DIT,ost,1,1,0,2024-04-03,2024-04-03,194040.0,0,194040.0,0.0,0.0,,0,"awarded in 2024, after the 2022 cutoff - not enough time to have been modified",0
E00B2600006,COMP,infor us,1,1,0,2021-10-06,2021-10-06,193861.0,0,193861.0,0.0,0.0,,1,,0
E00B6600028,COMP,sas institute,1,1,0,2026-06-18,2026-06-18,192944.0,0,192944.0,0.0,0.0,,0,"awarded in 2026, after the 2022 cutoff - not enough time to have been modified",0
E00B6600001,COMP,fairfax imaging,1,1,0,2025-08-27,2025-08-27,192823.0,0,192823.0,0.0,0.0,,0,"awarded in 2025, after the 2022 cutoff - not enough time to have been modified",0
M00P6603077,MDH,system automation,1,1,0,2026-02-18,2026-02-18,192120.0,0,192120.0,0.0,0.0,,0,"awarded in 2026, after the 2022 cutoff - not enough time to have been modified",0
CO415500,DOT/MPA,acentra health,1,0,1,2024-05-15,2024-05-15,,190349.0,190349.0,,,,0,no original award inside the window - only later changes were captured,0
F50P5600078,DIT,navitas business consulting,1,1,0,2024-12-04,2024-12-04,188535.6,0,188535.6,0.0,0.0,,0,"awarded in 2024, after the 2022 cutoff - not enough time to have been modified",0
G20B3600007,RETAGCY,carahsoft technology,1,1,0,2023-04-05,2023-04-05,188083.0,0,188083.0,0.0,0.0,,0,"awarded in 2023, after the 2022 cutoff - not enough time to have been modified",0
COH52793,MDH,curtis consulting,1,0,1,2018-03-28,2018-03-28,,187000.0,187000.0,,,,0,no original award inside the window - only later changes were captured,0
E00B5600032,COMP,sas institute,1,1,0,2025-05-21,2025-05-21,186419.0,0,186419.0,0.0,0.0,,0,"awarded in 2025, after the 2022 cutoff - not enough time to have been modified",0
E00B6600012,COMP,mjl software,1,1,0,2026-05-20,2026-05-20,185250.0,0,185250.0,0.0,0.0,,0,"awarded in 2026, after the 2022 cutoff - not enough time to have been modified",0
W00P5600373,MSP,computer square,1,1,0,2024-09-11,2024-09-11,184750.0,0,184750.0,0.0,0.0,,0,"awarded in 2024, after the 2022 cutoff - not enough time to have been modified",0
E00B5600006,COMP,ibm,1,1,0,2024-12-18,2024-12-18,183897.0,0,183897.0,0.0,0.0,,0,"awarded in 2024, after the 2022 cutoff - not enough time to have been modified",0
E00B6600004,COMP,ibm,1,1,0,2025-11-19,2025-11-19,183897.0,0,183897.0,0.0,0.0,,0,"awarded in 2025, after the 2022 cutoff - not enough time to have been modified",0
E00B3600024,COMP,ibm,1,1,0,2022-12-21,2022-12-21,183864.0,0,183864.0,0.0,0.0,,1,,0
S00B7400020,HCD,emphasys software,1,1,0,2017-01-04,2017-01-04,183790.0,0,183790.0,0.0,0.0,,1,,0
COG82002,MHEC,gold bridge partners,1,0,1,2016-07-27,2016-07-27,,182200.0,182200.0,,,,0,no original award inside the window - only later changes were captured,0
D40B8400002,OFCPLAN,blackbaud,1,1,0,2018-06-20,2018-06-20,181952.0,0,181952.0,0.0,0.0,,1,,0
E00B7400001,COMP,sas institute,1,1,0,2016-05-25,2016-05-25,181896.0,0,181896.0,0.0,0.0,,1,,0
E00B3600003,COMP,fairfax imaging,1,1,0,2022-07-27,2022-07-27,180414.0,0,180414.0,0.0,0.0,,1,,0
COH28953,EDUC,alliance enterprises,1,0,1,2017-08-16,2017-08-16,,180000.0,180000.0,,,,0,no original award inside the window - only later changes were captured,0
D38B6400004,ELECTLAW,elections systems and software,1,1,0,2016-01-06,2016-01-06,178050.0,0,178050.0,0.0,0.0,,1,,0
E00B9400003,COMP,infor us,1,1,0,2018-10-03,2018-10-03,177411.0,0,177411.0,0.0,0.0,,1,,0
060B8400002,DIT,infosec institute,1,1,0,2018-06-20,2018-06-20,177000.0,0,177000.0,0.0,0.0,,1,,0
COG68388,DOT/MVA,agate software,1,0,1,2016-05-25,2016-05-25,,176500.0,176500.0,,,,0,no original award inside the window - only later changes were captured,0
Q00B8400079,PS,infor,1,1,0,2019-01-02,2019-01-02,175819.0,0,175819.0,0.0,0.0,,1,,0
COJ45439,PS,watch systems,1,0,1,2022-03-09,2022-03-09,,175000.0,175000.0,,,,0,no original award inside the window - only later changes were captured,0
C90B6600004,PSC,digital ink,1,1,0,2026-05-06,2026-05-06,174750.0,0,174750.0,0.0,0.0,,0,"awarded in 2026, after the 2022 cutoff - not enough time to have been modified",0
M00P3603575,MDH,system automation,1,1,0,2023-08-23,2023-08-23,174264.0,0,174264.0,0.0,0.0,,0,"awarded in 2023, after the 2022 cutoff - not enough time to have been modified",0
E00B2600002,COMP,fairfax imaging,1,1,0,2021-10-06,2021-10-06,173357.0,0,173357.0,0.0,0.0,,1,,0
J02P4600118,DOT/SHA,ledstar,1,1,0,2024-10-30,2024-10-30,172246.0,0,172246.0,0.0,0.0,,0,"awarded in 2024, after the 2022 cutoff - not enough time to have been modified",0
COI74641,DOT,carbonado technologies,1,0,1,2020-09-23,2020-09-23,,171957.0,171957.0,,,,0,no original award inside the window - only later changes were captured,0
E00B4600020,COMP,pkware,1,1,0,2024-02-28,2024-02-28,170937.0,0,170937.0,0.0,0.0,,0,"awarded in 2024, after the 2022 cutoff - not enough time to have been modified",0
Q00B3600001,PS,applied technology services,1,1,0,2023-07-05,2023-07-05,170787.0,0,170787.0,0.0,0.0,,0,"awarded in 2023, after the 2022 cutoff - not enough time to have been modified",0
R00P2600704,EDUC,overdrive marketplace,1,1,0,2022-05-11,2022-05-11,170000.0,0,170000.0,0.0,0.0,,1,,0
J05B1600007,DOT/MTA,nec of america,1,1,0,2020-12-16,2020-12-16,165794.0,0,165794.0,0.0,0.0,,1,,0
J02P4600055,DOT,carlson software,1,1,0,2024-06-05,2024-06-05,165025.0,0,165025.0,0.0,0.0,,0,"awarded in 2024, after the 2022 cutoff - not enough time to have been modified",0
M00B6400462,HMH/DDA,american association on intellectual and developmental disabilities,1,1,0,2016-02-24,2016-02-24,163027.0,0,163027.0,0.0,0.0,,1,,0
COJ03911,DIT,"-- Communications, Inc. Inc.",1,0,1,2020-12-16,2020-12-16,,161070.0,161070.0,,,,0,no original award inside the window - only later changes were captured,1
W00P2601044,MSP,applied technology services,1,1,0,2022-09-14,2022-09-14,160104.0,0,160104.0,0.0,0.0,,1,,0
Q00P7402951,PS,dataworks plus,1,1,0,2016-11-16,2016-11-16,160095.0,0,160095.0,0.0,0.0,,1,,0
COG59986,ELECTLAW,pcc technology,1,0,1,2016-03-23,2016-03-23,,157700.0,157700.0,,,,0,no original award inside the window - only later changes were captured,0
COI54983,MDL,geographic solutions,1,0,1,2020-05-20,2020-05-20,,157084.0,157084.0,,,,0,no original award inside the window - only later changes were captured,0
COL33594,ELECTLAW,koniag services,1,0,1,2026-06-18,2026-06-18,,155523.0,155523.0,,,,0,no original award inside the window - only later changes were captured,1
CO362342,DOT/MPA,gantech,1,0,1,2018-12-19,2018-12-19,,155444.0,155444.0,,,,0,no original award inside the window - only later changes were captured,0
E00B4600018,COMP,ibm,1,1,0,2024-02-28,2024-02-28,155040.0,0,155040.0,0.0,0.0,,0,"awarded in 2024, after the 2022 cutoff - not enough time to have been modified",0
J01B3600021,DOT,envision sustainabiity tools,1,1,0,2023-03-15,2023-03-15,153525.0,0,153525.0,0.0,0.0,,0,"awarded in 2023, after the 2022 cutoff - not enough time to have been modified",0
COL11760,MDL,n 3 technologies,1,0,1,2025-09-10,2025-09-10,,152256.0,152256.0,,,,0,no original award inside the window - only later changes were captured,0
COG61695,DLLR,geographic solutions,1,0,1,2016-05-11,2016-05-11,,151825.0,151825.0,,,,0,no original award inside the window - only later changes were captured,0
COJ52699,PS/PCTC,blue peak logic,1,0,1,2022-05-11,2022-05-11,,150890.0,150890.0,,,,0,no original award inside the window - only later changes were captured,0
COH20202,ELECTLAW,elections systems and software es and s,1,0,1,2018-03-07,2018-03-07,,149787.0,149787.0,,,,0,no original award inside the window - only later changes were captured,0
D38B6400014,ELECTLAW,elections systems and software,1,0,1,2016-08-17,2016-08-17,,149020.0,149020.0,,,,0,no original award inside the window - only later changes were captured,0
M00B6400564,HMH,health care incentives improvement institute,1,1,0,2016-04-27,2016-04-27,146518.0,0,146518.0,0.0,0.0,,1,,0
R62B8400003,MHEC,interclypse,1,1,0,2018-08-22,2018-08-22,146398.0,0,146398.0,0.0,0.0,,1,,0
S00B7400019,HCD,nortridge software,1,1,0,2017-01-04,2017-01-04,145000.0,0,145000.0,0.0,0.0,,1,,0
S00B6600045,HCD,housing and development services,1,1,0,2026-04-01,2026-04-01,141763.0,0,141763.0,0.0,0.0,,0,"awarded in 2026, after the 2022 cutoff - not enough time to have been modified",0
COG95785,HMH,contact solutions,1,0,1,2016-10-19,2016-10-19,,141750.0,141750.0,,,,0,no original award inside the window - only later changes were captured,0
Q00P5603332,PS,computer projects of illinois,1,1,0,2025-05-07,2025-05-07,140000.0,0,140000.0,0.0,0.0,,0,"awarded in 2025, after the 2022 cutoff - not enough time to have been modified",0
N00P2600048,DOHR,shi international,1,1,0,2021-10-20,2021-10-20,139339.0,0,139339.0,0.0,0.0,,1,,0
W00P2601045,MSP,applied technology services,1,1,0,2022-09-14,2022-09-14,138218.0,0,138218.0,0.0,0.0,,1,,0
J05B9400011,DOT/MTA,xenatech software integration services,1,1,0,2019-01-23,2019-01-23,137271.0,0,137271.0,0.0,0.0,,1,,0
E00B5600027,COMP,ibm,1,1,0,2025-03-19,2025-03-19,137000.0,0,137000.0,0.0,0.0,,0,"awarded in 2025, after the 2022 cutoff - not enough time to have been modified",0
F50B4400086,DIT,govdelivery,1,0,1,2016-04-27,2016-04-27,,136500.0,136500.0,,,,0,no original award inside the window - only later changes were captured,0
S00B5600029,HCD,carahsoft technology,1,1,0,2024-10-16,2024-10-16,134635.0,0,134635.0,0.0,0.0,,0,"awarded in 2024, after the 2022 cutoff - not enough time to have been modified",0
COK49996,MDH,st paul group,1,0,1,2024-07-03,2024-07-03,,134500.0,134500.0,,,,0,no original award inside the window - only later changes were captured,0
F50P6600621,DIT,vishtek consulting services,1,1,0,2026-04-22,2026-04-22,134500.0,0,134500.0,0.0,0.0,,0,"awarded in 2026, after the 2022 cutoff - not enough time to have been modified",0
060B0600007,GOVOFCCP,clear impact,1,1,0,2020-04-22,2020-04-22,134226.0,0,134226.0,0.0,0.0,,1,,0
060B6400044,EXEC,results leadership group,1,1,0,2016-06-08,2016-06-08,134225.0,0,134225.0,0.0,0.0,,1,,0
060B7400093,OCYF,clear impact,1,1,0,2017-07-26,2017-07-26,134225.0,0,134225.0,0.0,0.0,,1,,0
COH84199,PS,appriss,1,0,1,2018-10-17,2018-10-17,,133755.0,133755.0,,,,0,no original award inside the window - only later changes were captured,0
D40B6600001,MDP,euna solutions,1,1,0,2026-04-01,2026-04-01,133440.0,0,133440.0,0.0,0.0,,0,"awarded in 2026, after the 2022 cutoff - not enough time to have been modified",0
F50B6400022,DIT,equinix,1,1,0,2016-04-06,2016-04-06,133178.0,0,133178.0,0.0,0.0,,1,,0
060B9400148,DIT,at and t,1,1,0,2019-06-05,2019-06-05,132473.0,0,132473.0,0.0,0.0,,1,,0
Q00B0600051,PS,computer projects of illinois,1,1,0,2020-09-23,2020-09-23,130000.0,0,130000.0,0.0,0.0,,1,,0
E00B4600010,COMP,ibm,1,1,0,2024-01-31,2024-01-31,130000.0,0,130000.0,0.0,0.0,,0,"awarded in 2024, after the 2022 cutoff - not enough time to have been modified",0
E00B5600009,COMP,ibm,1,1,0,2025-01-08,2025-01-08,130000.0,0,130000.0,0.0,0.0,,0,"awarded in 2025, after the 2022 cutoff - not enough time to have been modified",0
Q00B6600059,PS,vehicles for change,1,1,0,2026-02-18,2026-02-18,130000.0,0,130000.0,0.0,0.0,,0,"awarded in 2026, after the 2022 cutoff - not enough time to have been modified",0
J01B9400043,DOT/MdTA,maryland control technologies,1,1,0,2019-06-05,2019-06-05,128084.0,0,128084.0,0.0,0.0,,1,,0
R00B5600075,EDUC,alxtel,1,1,0,2025-01-08,2025-01-08,127695.0,0,127695.0,0.0,0.0,,0,"awarded in 2025, after the 2022 cutoff - not enough time to have been modified",0
COK71152,MDH,ahlers and associates,1,0,1,2024-10-30,2024-10-30,,125120.0,125120.0,,,,0,no original award inside the window - only later changes were captured,0
E00B2600005,COMP,sas institute,1,1,0,2021-09-15,2021-09-15,123623.0,0,123623.0,0.0,0.0,,1,,0
F50P6600499,DIT,verizon maryland,1,1,0,2026-03-18,2026-03-18,122449.0,0,122449.0,0.0,0.0,,0,"awarded in 2026, after the 2022 cutoff - not enough time to have been modified",0
S00B5600006,HCD,mri software,1,1,0,2024-10-02,2024-10-02,122044.0,0,122044.0,0.0,0.0,,0,"awarded in 2024, after the 2022 cutoff - not enough time to have been modified",0
001B8400464,DGS,shi international,1,0,1,2018-06-20,2018-06-20,,116562.0,116562.0,,,,0,no original award inside the window - only later changes were captured,0
P00B7400001,DLLR,appriss,1,1,0,2016-08-17,2016-08-17,116000.0,0,116000.0,0.0,0.0,,1,,0
M00P3604320,MDH,shi international,1,1,0,2023-10-04,2023-10-04,115672.83,0,115672.83,0.0,0.0,,0,"awarded in 2023, after the 2022 cutoff - not enough time to have been modified",0
CO431981,DOT,ibm,1,0,1,2025-11-05,2025-11-05,,115246.0,115246.0,,,,0,no original award inside the window - only later changes were captured,0
COG74789,MPT,sony electronics,1,0,1,2016-08-17,2016-08-17,,115000.0,115000.0,,,,0,no original award inside the window - only later changes were captured,0
COI02262,MDH,curtis consulting,1,0,1,2019-01-23,2019-01-23,,113390.0,113390.0,,,,0,no original award inside the window - only later changes were captured,0
M00P6601550,MDH,mythics,1,1,0,2026-04-01,2026-04-01,110684.49,0,110684.49,0.0,0.0,,0,"awarded in 2026, after the 2022 cutoff - not enough time to have been modified",0
COI79995,MDH,ibm watson health formerly truven health analytics,1,0,1,2020-09-23,2020-09-23,,110028.0,110028.0,,,,0,no original award inside the window - only later changes were captured,0
W00P5600743,MSP,en net services,1,1,0,2025-02-26,2025-02-26,109800.27,0,109800.27,0.0,0.0,,0,"awarded in 2025, after the 2022 cutoff - not enough time to have been modified",0
COI41619,DOT,insight public sector,1,0,1,2019-12-04,2019-12-04,,109673.0,109673.0,,,,0,no original award inside the window - only later changes were captured,0
MAP6708632,DOT/MAA,american association of airport executives,1,1,0,2017-05-24,2017-05-24,109300.0,0,109300.0,0.0,0.0,,1,,0
Q00P6600662,PS,idemia identity and security usa,1,1,0,2025-10-22,2025-10-22,109012.0,0,109012.0,0.0,0.0,,0,"awarded in 2025, after the 2022 cutoff - not enough time to have been modified",0
N00B7400193,DOHR/CCA,maximus human services,1,0,1,2019-09-04,2019-09-04,,108746.0,108746.0,,,,0,no original award inside the window - only later changes were captured,0
Q00B2600018,PS/IT&CD,jdi ventures dba peak performance solutions,1,1,0,2022-04-27,2022-04-27,108570.0,0,108570.0,0.0,0.0,,1,,0
J02P5600003,DOT/SHA,noregon systems,1,1,0,2025-01-29,2025-01-29,107970.0,0,107970.0,0.0,0.0,,0,"awarded in 2025, after the 2022 cutoff - not enough time to have been modified",0
COG94501,COMP,recovery point systems,1,0,1,2016-10-19,2016-10-19,,107676.0,107676.0,,,,0,no original award inside the window - only later changes were captured,0
COK82344,PS,alxtel,1,0,1,2025-05-07,2025-05-07,,107100.0,107100.0,,,,0,no original award inside the window - only later changes were captured,0
Q00B3600010,PS,dell marketing l p,1,1,0,2023-06-07,2023-06-07,103400.62,0,103400.62,0.0,0.0,,0,"awarded in 2023, after the 2022 cutoff - not enough time to have been modified",0
J05B6400018,DOT/MTA,alstom transportation,1,1,0,2016-05-11,2016-05-11,103222.0,0,103222.0,0.0,0.0,,1,,0
F10B3600014,DBM,shi international,1,1,0,2022-10-12,2022-10-12,100887.0,0,100887.0,0.0,0.0,,1,,0
COK43501,ELECTLAW,elections systems and software,1,0,1,2024-06-05,2024-06-05,,100425.0,100425.0,,,,0,no original award inside the window - only later changes were captured,0
603P6400030,PS,fiber plus,1,1,0,2016-09-21,2016-09-21,98000.0,0,98000.0,0.0,0.0,,1,,0
COH55754,MPT,paya formerly sage payment solutions,1,0,1,2018-04-18,2018-04-18,,96000.0,96000.0,,,,0,no original award inside the window - only later changes were captured,0
S00B6400020,HCD,"Housing and Development Services, Inc. dba Housing and Development Software, LLC",1,1,0,2016-06-22,2016-06-22,94911.0,0,94911.0,0.0,0.0,,0,"item covers several vendors, so the money is not one contract's",1
J04B9400013,DOT/MVA,ms technologies,1,0,1,2020-12-16,2020-12-16,,90081.0,90081.0,,,,0,no original award inside the window - only later changes were captured,0
D80P5400085,MIA,crownpeak technology,1,1,0,2016-03-23,2016-03-23,90000.0,0,90000.0,0.0,0.0,,1,,0
F50P6600153,DIT,cas severn,1,1,0,2025-12-17,2025-12-17,88671.29,0,88671.29,0.0,0.0,,0,"awarded in 2025, after the 2022 cutoff - not enough time to have been modified",0
S00B1600102,HCD,happy software an mri software,1,1,0,2021-07-07,2021-07-07,88366.0,0,88366.0,0.0,0.0,,1,,0
I00B3600001,DSCI,buildwithin,1,1,0,2023-07-19,2023-07-19,87500.0,0,87500.0,0.0,0.0,,0,"awarded in 2023, after the 2022 cutoff - not enough time to have been modified",0
W00P2601048,MSP,applied technology services,1,1,0,2022-09-14,2022-09-14,86574.0,0,86574.0,0.0,0.0,,1,,0
J01B0600045,DOT,infor us,1,1,0,2020-05-20,2020-05-20,86492.0,0,86492.0,0.0,0.0,,1,,0
Q00P6407465,PS,applied technology services,1,1,0,2016-09-21,2016-09-21,86265.0,0,86265.0,0.0,0.0,,1,,0
M00B4600492,MDH,revvity health science,1,0,1,2024-10-30,2024-10-30,,85210.0,85210.0,,,,0,no original award inside the window - only later changes were captured,0
COJ58559,MDL,geographic solutions,1,0,1,2022-07-27,2022-07-27,,85096.0,85096.0,,,,0,no original award inside the window - only later changes were captured,0
001B3600059,DGS,town hall streams,1,1,0,2024-06-05,2024-06-05,84360.0,0,84360.0,0.0,0.0,,0,"awarded in 2024, after the 2022 cutoff - not enough time to have been modified",0
M00B7400648,MDH,center to promote healthcare access dba alluma,1,0,1,2020-05-06,2020-05-06,,82750.0,82750.0,,,,0,no original award inside the window - only later changes were captured,0
COI34913,DIT,anderson software,1,0,1,2019-08-14,2019-08-14,,82500.0,82500.0,,,,0,no original award inside the window - only later changes were captured,0
Q00B8400120,PS/IT&CD,idemia identity and security usa,1,1,0,2018-06-20,2018-06-20,82411.0,0,82411.0,0.0,0.0,,1,,0
COK84270,ELECTLAW,vedasoft,1,0,1,2025-04-23,2025-04-23,,81500.0,81500.0,,,,0,no original award inside the window - only later changes were captured,1
COI35624,DIT,infosec institute,1,0,1,2019-09-04,2019-09-04,,79933.0,79933.0,,,,0,no original award inside the window - only later changes were captured,0
M00B4400452,HMH,center to promote healthcare access,1,1,0,2017-05-24,2017-05-24,78000.0,0,78000.0,0.0,0.0,,1,,0
J01B4600007,DOT,recovery point systems,1,1,0,2023-08-23,2023-08-23,77822.0,0,77822.0,0.0,0.0,,0,"awarded in 2023, after the 2022 cutoff - not enough time to have been modified",0
COJ40159,DOHR/OTHS,gioia p ambrette trading as newcastle communications,1,0,1,2021-11-03,2021-11-03,,75987.0,75987.0,,,,0,no original award inside the window - only later changes were captured,0
E50B9400063,DAAT,marshall and swift a subsidiary of core logic,1,1,0,2019-07-24,2019-07-24,75122.0,0,75122.0,0.0,0.0,,1,,0
COI74666,ELECTLAW,elections systems and software es and s,1,0,1,2020-09-23,2020-09-23,,73790.0,73790.0,,,,0,no original award inside the window - only later changes were captured,0
P00B8400022,DLLR,comcast business communications,1,1,0,2017-11-15,2017-11-15,73683.0,0,73683.0,0.0,0.0,,1,,0
MAP6808730,DOT/MAA,american association of airport executives,1,1,0,2018-06-20,2018-06-20,72000.0,0,72000.0,0.0,0.0,,1,,0
F50B7400004,DBM,sk net,1,1,0,2016-08-17,2016-08-17,71318.0,0,71318.0,0.0,0.0,,1,,0
COK77940,EDUC,clear ballot group,1,0,1,2025-01-29,2025-01-29,,70000.0,70000.0,,,,0,no original award inside the window - only later changes were captured,0
F50B7400003,DBM,sk net,1,1,0,2016-08-17,2016-08-17,68952.0,0,68952.0,0.0,0.0,,1,,0
COH27096,EDUC,blackboard,1,0,1,2017-07-26,2017-07-26,,67500.0,67500.0,,,,0,no original award inside the window - only later changes were captured,0
D80P4400256,MIA,crownpeak technology,1,1,0,2016-10-19,2016-10-19,63455.0,0,63455.0,0.0,0.0,,1,,0
COK00628,MDH,health risk screening,1,0,1,2023-05-17,2023-05-17,,60000.0,60000.0,,,,0,no original award inside the window - only later changes were captured,0
COK78193,DGS,nic usa,2,0,2,2024-12-18,2025-12-17,,60000.0,60000.0,,,,0,no original award inside the window - only later changes were captured,0
W00P2601062,MSP,applied technology services,1,1,0,2022-09-14,2022-09-14,58464.0,0,58464.0,0.0,0.0,,1,,0
COK37372,PS,computer projects of illinois,1,0,1,2024-04-03,2024-04-03,,56500.0,56500.0,,,,0,no original award inside the window - only later changes were captured,0
01P4600113,DOT/MVA,atlantic technology group,1,1,0,2024-04-03,2024-04-03,53764.0,0,53764.0,0.0,0.0,,0,"awarded in 2024, after the 2022 cutoff - not enough time to have been modified",0
F50P26000430,DIT,gartner consulting,1,1,0,2022-12-07,2022-12-07,49920.0,0,49920.0,0.0,0.0,,1,,0
F50B7400030,DIT,environmental systems research institute,1,0,1,2017-06-21,2017-06-21,,49151.0,49151.0,,,,0,no original award inside the window - only later changes were captured,0
R95B7400003,BCCC,sirsi,1,1,0,2016-11-02,2016-11-02,48978.0,0,48978.0,0.0,0.0,,1,,0
COJ78956,MDL,ged testing services,1,0,1,2023-01-04,2023-01-04,,48612.0,48612.0,,,,0,no original award inside the window - only later changes were captured,0
D52P5600047,MEMA,baron weather,1,1,0,2025-11-05,2025-11-05,48320.0,0,48320.0,0.0,0.0,,0,"awarded in 2025, after the 2022 cutoff - not enough time to have been modified",0
R00B6400007,EDUC,microscribe publishing,1,1,0,2016-04-06,2016-04-06,43000.0,0,43000.0,0.0,0.0,,1,,0
D80B3600021,MIA,iron mountain information management,1,1,0,2023-09-06,2023-09-06,39437.0,0,39437.0,0.0,0.0,,0,"awarded in 2023, after the 2022 cutoff - not enough time to have been modified",0
COJ76697,DOT/MVA,fast enterprises,1,0,1,2022-10-26,2022-10-26,,35668.0,35668.0,,,,0,no original award inside the window - only later changes were captured,0
060B8400036,DIT,sada systems,1,1,0,2018-04-18,2018-04-18,30000.0,0,30000.0,0.0,0.0,,1,,0
F50B7400012,DIT,alamo city engineering services,1,0,1,2017-07-26,2017-07-26,,29319.0,29319.0,,,,0,no original award inside the window - only later changes were captured,0
F50B4600013,DIT,carahsoft technology,1,1,0,2023-09-20,2023-09-20,27225.0,0,27225.0,0.0,0.0,,0,"awarded in 2023, after the 2022 cutoff - not enough time to have been modified",0
E00B8400001,COMP,recovery point systems,1,0,1,2017-07-26,2017-07-26,,25907.0,25907.0,,,,0,no original award inside the window - only later changes were captured,0
N00P2600552,DOHR/OTHS,blackwood associates,1,1,0,2022-04-27,2022-04-27,23835.0,0,23835.0,0.0,0.0,,1,,0
COH18990,MDH,system automation,1,0,1,2017-07-26,2017-07-26,,23437.0,23437.0,,,,0,no original award inside the window - only later changes were captured,0
CTR016021,DGS,softchoice,1,1,0,2024-04-03,2024-04-03,20940.0,0,20940.0,0.0,0.0,,0,"awarded in 2024, after the 2022 cutoff - not enough time to have been modified",0
J01P4600114,DOT,blackwood associates,1,1,0,2024-04-03,2024-04-03,16530.0,0,16530.0,0.0,0.0,,0,"awarded in 2024, after the 2022 cutoff - not enough time to have been modified",0
F50P4600215,DIT,1 1 advanced software products group,1,1,0,2024-06-05,2024-06-05,10406.0,0,10406.0,0.0,0.0,,0,"awarded in 2024, after the 2022 cutoff - not enough time to have been modified",1
D52P6600004,MEMA,baron weather,1,1,0,2025-11-05,2025-11-05,9600.0,0,9600.0,0.0,0.0,,0,"awarded in 2025, after the 2022 cutoff - not enough time to have been modified",0
J04B9400035,DOT/MVA,questionmark,1,1,0,2019-03-20,2019-03-20,7871.0,0,7871.0,0.0,0.0,,1,,0
Q00P7403090,PS,datamaxx applied technologies,1,1,0,2017-01-04,2017-01-04,6270.0,0,6270.0,0.0,0.0,,1,,0
COK33407,MDH,edge systems,1,1,0,2024-04-03,2024-04-03,3600.0,0,3600.0,0.0,0.0,,0,"awarded in 2024, after the 2022 cutoff - not enough time to have been modified",0
COJ63708,DIT,tierpoint maryland,1,0,1,2022-08-10,2022-08-10,,2700.0,2700.0,,,,0,no original award inside the window - only later changes were captured,0
P00B6600004,MDL,orijin pbc,1,1,0,2025-09-10,2025-09-10,948.0,0,948.0,0.0,0.0,,0,"awarded in 2025, after the 2022 cutoff - not enough time to have been modified",0
J00B2400020,DOT/MVA,united solutions,1,0,1,2016-03-23,2016-03-23,,0,0,,,,0,no original award inside the window - only later changes were captured,0
COG19586,DIT,mci communications services d b a verizon business services,1,0,1,2016-05-11,2016-05-11,,0,0,,,,0,no original award inside the window - only later changes were captured,0
060B1400067,DIT,"-- Underground, Inc. Systems, Inc. Underground Cable Co. Inc. & McCoy, Inc. Contracting Co. Communications Technology LLC Communications, Engineering & Inc. Communications Plus Electric, Inc. Network LLC Maryland Cable, Group, Inc. Select Services, Inc.",1,0,1,2016-08-17,2016-08-17,,0,0,,,,0,no original award inside the window - only later changes were captured,1
060B3490012,DBM/OPSB,oakland consulting group,1,0,1,2018-01-24,2018-01-24,,0,0,,,,0,no original award inside the window - only later changes were captured,0
COI09569,EDUC,leidos digital solutions,1,0,1,2019-04-24,2019-04-24,,0,0,,,,0,no original award inside the window - only later changes were captured,0
COI55428,DIT,comcast business communications,1,0,1,2020-04-22,2020-04-22,,0,0,,,,0,no original award inside the window - only later changes were captured,0
COJ02046,DOT/MTA,trapeze software group,1,0,1,2020-12-16,2020-12-16,,0,0,,,,0,no original award inside the window - only later changes were captured,0
COJ09569,DGS,"-- USA, Inc. Corp.",1,0,1,2021-02-24,2021-02-24,,0,0,,,,0,no original award inside the window - only later changes were captured,1
060B3600001,DIT,".. Inc. Network Group, LLC Consulting, Inc. LLP IT Solutions, LLC Information Inc. Performance Consulting LLC d/b/a i4DM Vision LLC Communications",1,0,1,2023-08-23,2023-08-23,,0,0,,,,0,no original award inside the window - only later changes were captured,1
N00P4601375,DOHR,insight public sector,2,1,1,2023-11-29,2024-07-17,250720.0,-250720.0,0.0,-250720.0,-100.0,8,0,"awarded in 2023, after the 2022 cutoff - not enough time to have been modified",1
S00B2600064,HCD,tetra tech,1,0,1,2024-06-05,2024-06-05,,0,0,,,,0,no original award inside the window - only later changes were captured,0
060B0610032/36000,DIT,".. Schell Consulting, Inc. Tech, Inc. Technology Inc. Technology Group, Corporation",2,0,2,2024-08-07,2025-05-07,,0,0,,,,0,no original award inside the window - only later changes were captured,1
J01B8400023,DOT/MdTA,transcore,1,0,1,2025-10-01,2025-10-01,,0,0,,,,0,no original award inside the window - only later changes were captured,0
S00R2600002,HCD,tetra tech,1,0,1,2022-03-09,2022-03-09,,-60000.0,-60000.0,,,,0,no original award inside the window - only later changes were captured,0
COJ20051,MDH,conduent state healthcare,1,0,1,2021-07-07,2021-07-07,,-667045.0,-667045.0,,,,0,no original award inside the window - only later changes were captured,0
D38B0400003,ELECTLAW,cirdan group,1,0,1,2017-02-08,2017-02-08,,-5735654.0,-5735654.0,,,,0,no original award inside the window - only later changes were captured,0
